{"Geospatial":"Not specified","group_id":51829,"ADCgroup":"","token":"fe5640f200496e3f789b395666665d817925eb13f40b00a239657d4a83f576fc01aa36bdacad9d12a27cd475edbeb8afd4604363611dd41ff0301ad7a2b8ee88","last_updated":"2024\/04\/04","source":"https:\/\/www.usda.gov\/sites\/default\/files\/documents\/data.json","base_url":"https:\/\/api.figsh.com\/v2\/account\/articles","filters":{"bureauCode":["005:53"]},"defaults":{"isoTopic":["environment"]},"cachedir":"..\/..\/..\/file_cache\/nrcs","excludes":{},"overrides":{"author":["USDA Natural Resources Conservation Service"],"fundref":["USDA-NRCS"],"catagories":["31922"],"nalt":["Natural Resources Conservation Service"]},"eventlog":"logs\/stage\/NRCS_metadata_report.txt","errorlog":"logs\/stage\/NRCS_metadata_error.txt","metadataLinksFile":"logs\/stage\/NRCS_metadata_links.json","config_file":"..\/nrcs_config_stage.json"}