{"Geospatial":"Not specified","group_id":54318,"ADCgroup":"","token":"f06366d6a6b6fc6372280d634d1c78ada75ef8146ed4a2b08aa531b3b3981911523f5deab7aab0707b402e0021b9deb66567c99f09951f3899b851bd86b726fe","last_updated":"2024\/04\/25","source":"https:\/\/www.usda.gov\/sites\/default\/files\/documents\/data.json","base_url":"https:\/\/api.figshare.com\/v2\/account\/articles","filters":{"bureauCode":["005:53"]},"defaults":{"isoTopic":["environment"]},"cachedir":"..\/..\/..\/file_cache\/nrcs","excludes":{},"overrides":{"author":["USDA Natural Resources Conservation Service"],"fundref":["USDA-NRCS"],"catagories":["33614"],"nalt":["Natural Resources Conservation Service"]},"eventlog":"logs\/prod\/NRCS_metadata_report.txt","errorlog":"logs\/prod\/NRCS_metadata_error.txt","metadataLinksFile":"logs\/prod\/NRCS_metadata_links.json","config_file":"..\/nrcs_config_prod.json"}