{
    "title": "Adoption of Genetically Engineered Crops in the U.S.",
    "description": "This data product summarizes the extent of adoption of herbicide-tolerant (HT), insect-resistant (Bt), and those with both traits (\"stacked\") genetically engineered (GE) crops in the United States. Data cover GE varieties of corn, cotton, and soybeans over the 2000-2013 period, for the U.S.<div><br>This record was taken from the USDA Enterprise Data Inventory that feeds into the  <a href='https://data.gov'>https://data.gov</a> catalog. Data for this record includes the following resources:</div><ul>   <li>  <a href='http://www.ers.usda.gov/data-products/adoption-of-genetically-engineered-crops-in-the-us.aspx'>Data file</a></li></ul><div>For complete information, please visit <a href=\"https://data.gov\">https://data.gov</a>.</div>",
    "authors": [
      {
        "name": "USDA Economic Research Service"
      }
    ],
    "timeline": {
      "firstOnline": "2019-09-19",
      "posted": "2019-09-19",
      "revision": "2020-07-18"
    },
    "tags": [
      "Bt",
      "Bt-corn",
      "Bt-cotton",
      "Genetically engineered crops",
      "acres",
      "adoption",
      "biotechnology",
      "corn",
      "cotton",
      "herbicide tolerant",
      "ht-corn",
      "ht-cotton",
      "ht-soybeans",
      "insect tolerant",
      "soybeans"
    ],
    "categories": [
      31314
    ],
    "custom_fields_list": [
      {
        "name": "ISO Topic Category",
        "value": [
          "economy"
        ]
      },
      {
        "name": "Data contact name",
        "value": "Laura Dodson"
      },
      {
        "name": "Data contact email",
        "value": "laura.dodson@ers.usda.gov"
      },
      {
        "name": "OMB Bureau Code",
        "value": [
          "005:13 - Economic Research Service"
        ]
      },
      {
        "name": "Public Access Level",
        "value": [
          "Public"
        ]
      },
      {
        "name": "OMB Program Code",
        "value": [
          "005:041 - Economic Research, Market Outlook, and Policy Analysis"
        ]
      },
      {
        "name": "Theme",
        "value": [
          "Not specified"
        ]
      },
      {
        "name": "Frequency",
        "value": [
          "annually"
        ]
      },
      {
        "name": "Temporal Extent Start Date",
        "value": "2020-04-08"
      },
      {
        "name": "Temporal Extent End Date",
        "value": "2023-04-08"
      },
      {
        "name": "Geographic location - description",
        "value": "United States"
      },
      {
        "name": "National Agricultural Library Thesaurus terms",
        "value": "economics; agricultural economics"
      },
      {
        "name": "Ag Data Commons Group",
        "value":  [
          "AgBioData",
          "Archbold - University of Florida"
        ]
      },
      {
        "name": "ARS National Program Number",
        "value": [
          "101",
          "103"
        ]
      },
      {
        "name": "Publisher",
        "value": "Economic Research Service, Department of Agriculture"
      }
    ],
    "group_id": 51827,
    "funding_list": [
      {
        "title": "USDA-ERS"
      }
    ],
    "defined_type": "Dataset",
    "license": 2,
    "related_materials": [
      {
        "identifier": "http://www.ers.usda.gov/data-products/adoption-of-genetically-engineered-crops-in-the-us/documentation.aspx",
        "title": "http://www.ers.usda.gov/data-products/adoption-of-genetically-engineered-crops-in-the-us/documentation.aspx",
        "relation": "IsSupplementTo",
        "identifier_type": "URL"
      }
    ]
  }
