{"Geospatial":"Not specified","group_id":51833,"ADCgroup":"","token":"fe5640f200496e3f789b395666665d817925eb13f40b00a239657d4a83f576fc01aa36bdacad9d12a27cd475edbeb8afd4604363611dd41ff0301ad7a2b8ee88","last_updated":"2024\/04\/12","source":"https:\/\/www.usda.gov\/sites\/default\/files\/documents\/data.json","base_url":"https:\/\/api.figsh.com\/v2\/account\/articles","filters":{"bureauCode":["005:68"]},"defaults":{"isoTopic":["economy"]},"cachedir":"..\/..\/..\/file_cache\/fas","excludes":{},"overrides":{"author":["USDA Foreign Agricultural Service"],"fundref":["USDA-FAS"],"publisher":["USDA Foreign Agricultural Service"],"catagories":["31314"],"nalt":["economics; agricultural economics"]},"eventlog":"logs\/stage\/FAS_metadata_report.txt","errorlog":"logs\/stage\/FAS_metadata_error.txt","metadataLinksFile":"logs\/stage\/FAS_metadata_links.json","config_file":"..\/fas_config_stage.json"}