{"Geospatial":"Not specified","group_id":54309,"ADCgroup":"","token":"f06366d6a6b6fc6372280d634d1c78ada75ef8146ed4a2b08aa531b3b3981911523f5deab7aab0707b402e0021b9deb66567c99f09951f3899b851bd86b726fe","last_updated":"2024\/05\/01","source":"https:\/\/www.usda.gov\/sites\/default\/files\/documents\/data.json","base_url":"https:\/\/api.figshare.com\/v2\/account\/articles","filters":{"bureauCode":["005:13"]},"defaults":{"isoTopic":["economy"]},"cachedir":"..\/..\/..\/file_cache\/ers","excludes":{},"overrides":{"author":["USDA Economic Research Service"],"fundref":["USDA-ERS"],"catagories":["32702"],"nalt":["economics; agricultural economics"]},"eventlog":"logs\/prod\/ERS_metadata_report.txt","errorlog":"logs\/prod\/ERS_metadata_error.txt","metadataLinksFile":"logs\/prod\/ERS_metadata_links.json","config_file":"..\/ers_config_prod.json"}