{"Geospatial":"Not specified","group_id":51827,"ADCgroup":"","token":"fe5640f200496e3f789b395666665d817925eb13f40b00a239657d4a83f576fc01aa36bdacad9d12a27cd475edbeb8afd4604363611dd41ff0301ad7a2b8ee88","last_updated":"2024\/05\/01","source":"https:\/\/www.usda.gov\/sites\/default\/files\/documents\/data.json","base_url":"https:\/\/api.figsh.com\/v2\/account\/articles","filters":{"bureauCode":["005:13"]},"defaults":{"isoTopic":["economy"]},"cachedir":"..\/..\/..\/file_cache\/ers","excludes":{},"overrides":{"author":["USDA Economic Research Service"],"fundref":["USDA-ERS"],"catagories":["31314"],"nalt":["economics; agricultural economics"]},"eventlog":"logs\/stage\/ERS_metadata_report.txt","errorlog":"logs\/stage\/ERS_metadata_error.txt","metadataLinksFile":"logs\/stage\/ERS_metadata_links.json","config_file":"..\/ers_config_stage.json"}