{"Geospatial":"Not specified","group_id":51831,"token":"","last_updated":"","source":"https://data-usfs.hub.arcgis.com/api/feed/dcat-us/1.1.json","base_url":"https://api.figshare.com/v2/account/articles","filters":"","defaults":{"isoTopic":["environment"],"author":["U.S. Forest Service"]},"cachedir":"../../../file_cache/fs_land_management","excludes":{},"overrides":{"fundref":["USDA-FS"],"catagories":["31922"],"nalt":["Forestry, Wildland Management"]},"eventlog":"logs/prod/FS_Land_Management_metadata_report.txt","errorlog":"logs/prod/FS_Land_Management_metadata_error.txt","metadataLinksFile":"logs/prod/FS_Land_Management_metadata_links.json","config_file":"../fslandmanagement_config_prod.json"}