{"Geospatial":"Not specified","group_id":51831,"token":"fe5640f200496e3f789b395666665d817925eb13f40b00a239657d4a83f576fc01aa36bdacad9d12a27cd475edbeb8afd4604363611dd41ff0301ad7a2b8ee88","last_updated":"2024\/04\/12","source":"https:\/\/data-usfs.hub.arcgis.com\/api\/feed\/dcat-us\/1.1.json","base_url":"https:\/\/api.figsh.com\/v2\/account\/articles","filters":"","defaults":{"isoTopic":["environment"],"author":["U.S. Forest Service"]},"cachedir":"..\/..\/..\/file_cache\/fs_land_management","excludes":{},"overrides":{"fundref":["USDA-FS"],"catagories":["31922"],"nalt":["Forestry, Wildland Management"]},"eventlog":"logs\/stage\/FS_Land_Management_metadata_report.txt","errorlog":"logs\/stage\/FS_Land_Management_metadata_error.txt","metadataLinksFile":"logs\/stage\/FS_Land_Management_metadata_links.json","config_file":"..\/fslandmanagement_config_stage.json"}