{"Geospatial":"Not specified","group_id":51835,"ADCgroup":"","token":"fe5640f200496e3f789b395666665d817925eb13f40b00a239657d4a83f576fc01aa36bdacad9d12a27cd475edbeb8afd4604363611dd41ff0301ad7a2b8ee88","last_updated":"","source":"https://www.usda.gov/sites/default/files/documents/data.json","base_url":"https://api.figsh.com/v2/account/articles","filters":{"bureauCode":["005:49"]},"defaults":{"isoTopic":["economy"]},"cachedir":"../../../file_cache/fsa","excludes":{},"overrides":{"author":["USDA Farm Service Agency"],"fundref":["USDA-FSA"],"catagories":["31314"],"nalt":["economics; agricultural economics"]},"eventlog":"logs/stage/FSA_metadata_report.txt","errorlog":"logs/stage/FSA_metadata_error.txt","metadataLinksFile":"logs/stage/FSA_metadata_links.json","config_file":"../fsa_config_prod.json"}