<?xml version="1.0"?>
<gmd:MD_Metadata xmlns:gmd="http://www.isotc211.org/2005/gmd" xmlns:xsi="http://www.w3.org/2001/XMLSchema-instance" xmlns:srv="http://www.isotc211.org/2005/srv" xmlns:gco="http://www.isotc211.org/2005/gco" xmlns:gts="http://www.isotc211.org/2005/gts" xmlns:gml="http://www.opengis.net/gml" xmlns:eml="https://eml.ecoinformatics.org/eml-2.2.0" xmlns:gmx="http://www.isotc211.org/2005/gmx" xmlns:xlink="http://www.w3.org/1999/xlink" xsi:schemaLocation="http://www.isotc211.org/2005/gmd http://schemas.opengis.net/iso/19139/20060504/gmd/gmd.xsd"><gmd:fileIdentifier><gco:CharacterString>knb-lter-jrn.210011001</gco:CharacterString></gmd:fileIdentifier><gmd:language><gco:CharacterString>eng</gco:CharacterString></gmd:language><gmd:characterSet><gmd:MD_CharacterSetCode codeList="https://www.ngdc.noaa.gov/metadata/published/xsd/schema/resources/Codelist/gmxCodelists.xml#gmd:MD_CharacterSetCode" codeListValue="utf8">utf8</gmd:MD_CharacterSetCode></gmd:characterSet><gmd:hierarchyLevel><gmd:MD_ScopeCode codeList="https://www.ngdc.noaa.gov/metadata/published/xsd/schema/resources/Codelist/gmxCodelists.xml#gmd:MD_ScopeCode" codeListValue="dataset">dataset</gmd:MD_ScopeCode></gmd:hierarchyLevel><gmd:contact><gmd:CI_ResponsibleParty><gmd:individualName gco:nilReason="missing"/><gmd:organisationName><gco:CharacterString>Jornada Basin LTER</gco:CharacterString></gmd:organisationName><gmd:positionName><gco:CharacterString>Jornada Basin LTER program</gco:CharacterString></gmd:positionName><gmd:contactInfo><gmd:CI_Contact><gmd:phone><gmd:CI_Telephone><gmd:voice gco:nilReason="missing"/></gmd:CI_Telephone></gmd:phone><gmd:address><gmd:CI_Address><gmd:deliveryPoint><gco:CharacterString>P.O. Box 30003; MSC 3JER New Mexico State University</gco:CharacterString></gmd:deliveryPoint><gmd:city><gco:CharacterString>Las Cruces</gco:CharacterString></gmd:city><gmd:administrativeArea><gco:CharacterString>NM</gco:CharacterString></gmd:administrativeArea><gmd:postalCode><gco:CharacterString>88003-8003</gco:CharacterString></gmd:postalCode><gmd:country><gco:CharacterString>USA</gco:CharacterString></gmd:country><gmd:electronicMailAddress><gco:CharacterString>jornada.lter@nmsu.edu</gco:CharacterString></gmd:electronicMailAddress></gmd:CI_Address></gmd:address><gmd:onlineResource><gmd:CI_OnlineResource><gmd:linkage gco:nilReason="missing"/></gmd:CI_OnlineResource></gmd:onlineResource><gmd:hoursOfService gco:nilReason="missing"/><gmd:contactInstructions gco:nilReason="missing"/></gmd:CI_Contact></gmd:contactInfo><gmd:role><gmd:CI_RoleCode codeList="https://www.ngdc.noaa.gov/metadata/published/xsd/schema/resources/Codelist/gmxCodelists.xml#gmd:CI_RoleCode" codeListValue="pointOfContact">pointOfContact</gmd:CI_RoleCode></gmd:role></gmd:CI_ResponsibleParty></gmd:contact><gmd:dateStamp><gco:DateTime>2024-04-03T12:47:09-04:00</gco:DateTime></gmd:dateStamp><gmd:metadataStandardName><gco:CharacterString>ISO 19115</gco:CharacterString></gmd:metadataStandardName><gmd:metadataStandardVersion><gco:CharacterString>2003</gco:CharacterString></gmd:metadataStandardVersion><gmd:identificationInfo><gmd:MD_DataIdentification><gmd:citation><gmd:CI_Citation><gmd:title><gco:CharacterString>Seasonal aboveground plant biomass estimates at 15 net primary production (NPP) study sites at Jornada Basin LTER from 1989-ongoing</gco:CharacterString></gmd:title><gmd:date><gmd:CI_Date><gmd:date><gco:Date>2023-08-23</gco:Date></gmd:date><gmd:dateType><gmd:CI_DateTypeCode codeList="https://www.ngdc.noaa.gov/metadata/published/xsd/schema/resources/Codelist/gmxCodelists.xml#gmd:CI_DateTypeCode" codeListValue="publication">publication</gmd:CI_DateTypeCode></gmd:dateType></gmd:CI_Date></gmd:date><gmd:identifier><gmd:MD_Identifier><gmd:authority><gmd:CI_Citation><gmd:title><gco:CharacterString>Dataset DOI</gco:CharacterString></gmd:title><gmd:date><gmd:CI_Date><gmd:date><gco:Date>2021-01-26</gco:Date></gmd:date><gmd:dateType><gmd:CI_DateTypeCode codeList="http://standards.iso.org/iso/19139/resources/gmxCodelists.xml#CI_DateTypeCode" codeListValue="publication"/></gmd:dateType></gmd:CI_Date></gmd:date></gmd:CI_Citation></gmd:authority><gmd:code><gco:CharacterString>10.6073/pasta/5507ade25993c2123e1886a545b509c8</gco:CharacterString></gmd:code></gmd:MD_Identifier></gmd:identifier><gmd:identifier><gmd:MD_Identifier><gmd:authority><gmd:CI_Citation><gmd:title><gco:CharacterString>Related Article</gco:CharacterString></gmd:title><gmd:date><gmd:CI_Date><gmd:date><gco:Date>2015-04-04</gco:Date></gmd:date><gmd:dateType><gmd:CI_DateTypeCode codeList="http://standards.iso.org/iso/19139/resources/gmxCodelists.xml#CI_DateTypeCode" codeListValue="creation"/></gmd:dateType></gmd:CI_Date></gmd:date><gmd:edition><gco:CharacterString>1</gco:CharacterString></gmd:edition><gmd:otherCitationDetails><gco:CharacterString>
      Huenneke, Laura F., Dennis Clason, and Esteban Muldavin.
      "Spatial heterogeneity in Chihuahuan Desert vegetation:
      implications for sampling methods in semi-arid ecosystems."
      Journal of Arid Environments 47, no. 3 (2001): 257-270.
    </gco:CharacterString></gmd:otherCitationDetails></gmd:CI_Citation></gmd:authority><gmd:code><gco:CharacterString/></gmd:code></gmd:MD_Identifier></gmd:identifier><gmd:identifier><gmd:MD_Identifier><gmd:authority><gmd:CI_Citation><gmd:title><gco:CharacterString>Related Article</gco:CharacterString></gmd:title><gmd:date><gmd:CI_Date><gmd:date><gco:Date>2015-04-04</gco:Date></gmd:date><gmd:dateType><gmd:CI_DateTypeCode codeList="http://standards.iso.org/iso/19139/resources/gmxCodelists.xml#CI_DateTypeCode" codeListValue="creation"/></gmd:dateType></gmd:CI_Date></gmd:date><gmd:edition><gco:CharacterString>1</gco:CharacterString></gmd:edition><gmd:otherCitationDetails><gco:CharacterString>
      Huenneke, Laura F., John P. Anderson, Marta Remmenga, and William
      H. Schlesinger. "Desertification alters patterns of
      aboveground net primary production in Chihuahuan ecosystems."
      Global Change Biology 8, no. 3 (2002): 247-264.
    </gco:CharacterString></gmd:otherCitationDetails></gmd:CI_Citation></gmd:authority><gmd:code><gco:CharacterString/></gmd:code></gmd:MD_Identifier></gmd:identifier><gmd:identifier><gmd:MD_Identifier><gmd:authority><gmd:CI_Citation><gmd:title><gco:CharacterString>Related Article</gco:CharacterString></gmd:title><gmd:date><gmd:CI_Date><gmd:date><gco:Date>2015-04-04</gco:Date></gmd:date><gmd:dateType><gmd:CI_DateTypeCode codeList="http://standards.iso.org/iso/19139/resources/gmxCodelists.xml#CI_DateTypeCode" codeListValue="creation"/></gmd:dateType></gmd:CI_Date></gmd:date><gmd:edition><gco:CharacterString>1</gco:CharacterString></gmd:edition><gmd:otherCitationDetails><gco:CharacterString>
      Muldavin, Esteban H., Douglas I. Moore, Scott L. Collins, Karen R.
      Wetherill, and David C. Lightfoot. "Aboveground net primary
      production dynamics in a northern Chihuahuan Desert
      ecosystem." Oecologia 155, no. 1 (2008): 123-132.
    </gco:CharacterString></gmd:otherCitationDetails></gmd:CI_Citation></gmd:authority><gmd:code><gco:CharacterString/></gmd:code></gmd:MD_Identifier></gmd:identifier><gmd:identifier><gmd:MD_Identifier><gmd:authority><gmd:CI_Citation><gmd:title><gco:CharacterString>Related Article</gco:CharacterString></gmd:title><gmd:date><gmd:CI_Date><gmd:date><gco:Date>2015-04-04</gco:Date></gmd:date><gmd:dateType><gmd:CI_DateTypeCode codeList="http://standards.iso.org/iso/19139/resources/gmxCodelists.xml#CI_DateTypeCode" codeListValue="creation"/></gmd:dateType></gmd:CI_Date></gmd:date><gmd:edition><gco:CharacterString>1</gco:CharacterString></gmd:edition><gmd:otherCitationDetails><gco:CharacterString>
      Peters, Debra PC, Jin Yao, Osvaldo E. Sala, and John P. Anderson.
      "Directional climate change and potential reversal of
      desertification in arid and semiarid ecosystems." Global
      Change Biology 18, no. 1 (2012): 151-163.
    </gco:CharacterString></gmd:otherCitationDetails></gmd:CI_Citation></gmd:authority><gmd:code><gco:CharacterString/></gmd:code></gmd:MD_Identifier></gmd:identifier><gmd:citedResponsibleParty><gmd:CI_ResponsibleParty><gmd:individualName><gco:CharacterString>Debra C Peters; orcid=0000-0002-5842-8099</gco:CharacterString></gmd:individualName><gmd:organisationName><gco:CharacterString>USDA-ARS Jornada Experimental Range</gco:CharacterString></gmd:organisationName><gmd:positionName gco:nilReason="missing"/><gmd:contactInfo><gmd:CI_Contact><gmd:phone><gmd:CI_Telephone><gmd:voice gco:nilReason="missing"/></gmd:CI_Telephone></gmd:phone><gmd:address><gmd:CI_Address><gmd:deliveryPoint><gco:CharacterString>P.O. Box 30003; MSC 3JER New Mexico State University</gco:CharacterString></gmd:deliveryPoint><gmd:city><gco:CharacterString>Las Cruces</gco:CharacterString></gmd:city><gmd:administrativeArea><gco:CharacterString>NM</gco:CharacterString></gmd:administrativeArea><gmd:postalCode><gco:CharacterString>88003-8003</gco:CharacterString></gmd:postalCode><gmd:country><gco:CharacterString>U.S.A.</gco:CharacterString></gmd:country><gmd:electronicMailAddress gco:nilReason="missing"/></gmd:CI_Address></gmd:address><gmd:onlineResource><gmd:CI_OnlineResource><gmd:linkage gco:nilReason="missing"/></gmd:CI_OnlineResource></gmd:onlineResource><gmd:hoursOfService gco:nilReason="missing"/><gmd:contactInstructions gco:nilReason="missing"/></gmd:CI_Contact></gmd:contactInfo><gmd:role><gmd:CI_RoleCode codeList="https://www.ngdc.noaa.gov/metadata/published/xsd/schema/resources/Codelist/gmxCodelists.xml#gmd:CI_RoleCode" codeListValue="originator">originator</gmd:CI_RoleCode></gmd:role></gmd:CI_ResponsibleParty></gmd:citedResponsibleParty><gmd:citedResponsibleParty><gmd:CI_ResponsibleParty><gmd:individualName><gco:CharacterString>Laura F Huenneke; orcid=0000-0002-2562-6822</gco:CharacterString></gmd:individualName><gmd:organisationName><gco:CharacterString>New Mexico State University (Now at NAU)</gco:CharacterString></gmd:organisationName><gmd:positionName gco:nilReason="missing"/><gmd:contactInfo><gmd:CI_Contact><gmd:phone><gmd:CI_Telephone><gmd:voice gco:nilReason="missing"/></gmd:CI_Telephone></gmd:phone><gmd:address><gmd:CI_Address><gmd:city gco:nilReason="missing"/><gmd:administrativeArea gco:nilReason="missing"/><gmd:postalCode gco:nilReason="missing"/><gmd:country gco:nilReason="missing"/><gmd:electronicMailAddress gco:nilReason="missing"/></gmd:CI_Address></gmd:address><gmd:onlineResource><gmd:CI_OnlineResource><gmd:linkage gco:nilReason="missing"/></gmd:CI_OnlineResource></gmd:onlineResource><gmd:hoursOfService gco:nilReason="missing"/><gmd:contactInstructions gco:nilReason="missing"/></gmd:CI_Contact></gmd:contactInfo><gmd:role><gmd:CI_RoleCode codeList="https://www.ngdc.noaa.gov/metadata/published/xsd/schema/resources/Codelist/gmxCodelists.xml#gmd:CI_RoleCode" codeListValue="originator">originator</gmd:CI_RoleCode></gmd:role></gmd:CI_ResponsibleParty></gmd:citedResponsibleParty><gmd:citedResponsibleParty><gmd:CI_ResponsibleParty><gmd:organisationName><gco:CharacterString>Environmental Data Initiative (EDI)</gco:CharacterString></gmd:organisationName><gmd:contactInfo><gmd:CI_Contact><gmd:onlineResource><gmd:CI_OnlineResource><gmd:linkage><gmd:URL>https://portal.edirepository.org/nis</gmd:URL></gmd:linkage><gmd:protocol><gco:CharacterString>HTTP</gco:CharacterString></gmd:protocol><gmd:applicationProfile><gco:CharacterString>Web Browser</gco:CharacterString></gmd:applicationProfile><gmd:name><gco:CharacterString>Environmental Data Initiative (EDI)</gco:CharacterString></gmd:name><gmd:description><gco:CharacterString>The EDI Data Portal contains environmental and ecological data packages contributed by a number of participating organizations. Data providers make every effort to release data in a timely fashion and with attention to accurate, well-designed and well-documented data. To understand data fully, please read the associated metadata and contact data providers if you have any questions. Data may be used in a manner conforming with the license information found in the &#x201C;Intellectual Rights&#x201D; section of the data package metadata or defaults to the EDI Data Policy. The Environmental Data Initiative shall not be liable for any damages resulting from misinterpretation or misuse of the data or metadata.</gco:CharacterString></gmd:description><gmd:function><gmd:CI_OnLineFunctionCode codeList="http://standards.iso.org/ittf/PubliclyAvailableStandards/ISO_19139_Schemas/resources/codelist/gmxCodelists.xml#CI_OnLineFunctionCode" codeListValue="information">information</gmd:CI_OnLineFunctionCode></gmd:function></gmd:CI_OnlineResource></gmd:onlineResource></gmd:CI_Contact></gmd:contactInfo><gmd:role><gmd:CI_RoleCode codeList="http://standards.iso.org/ittf/PubliclyAvailableStandards/ISO_19139_Schemas/resources/codelist/gmxCodelists.xml#CI_RoleCode" codeListValue="publisher">Publisher</gmd:CI_RoleCode></gmd:role></gmd:CI_ResponsibleParty></gmd:citedResponsibleParty></gmd:CI_Citation></gmd:citation><gmd:abstract><gco:CharacterString>This data package contains aboveground vegetation cover, volume, and calculated biomass values at the 15 Net Primary Production (NPP) study sites on Jornada Experimental Range (JER) and Chihuahuan Desert Rangeland Research Center (CDRRC) lands. Sites were selected to represent the 5 major ecosystem types in the Chihuahuan Desert (upland grasslands, playa grasslands, mesquite-dominated shrublands, creosotebush-dominated shrublands, tarbush-dominated shrublands). For each ecosystem type, three sites were selected to represent the range in variability in production and plant diversity; thus the locations are not replicates. All sites are excluded from domestic grazing. Eleven sites are in non-grazed pastures, and at the other four sites 1 hectare areas around the observational plots were fenced in 1988. At all sites a grid of 49 (48 at one playa location) 1m x 1m replicate quadrats was laid out when sampling began in 1989. For each quadrat, aboveground biomass has been calculated from two data sources: 1) non-destructive horizontal cover and vertical height measurements of individual plants, or plant parts, within each quadrat, and 2) linear regression coefficients for each plant species derived from off-quadrat cover, height, and harvested biomass measurements. Non-destructive measurements (1) are taken during winter, spring, and fall measurement campaigns, then aggregated by species for each quadrat, and resulting dimensions are used to calculate species biomass (grams) by quadrat and season using using the species-specific regression coefficients derived from dataset 2. This is the most detailed biomass dataset available and can be used to derive values of net primary production between seasons or annually. Each dataset record contains calculated biomass (and related variables) by species, quadrat, season, and site. Data collection is ongoing with new observations in spring, fall, and winter of each year, but this data package may be updated less frequently.Attention:1) For most species, these data are not appropriate for estimates of percentage cover or volume because of the way the data are collected. 2) Calculated values in this data package have changed over time as the methodology for estimating biomass has changed. If you are updating or adding to an earlier analysis of these data we recommend consulting with the dataset authors or a Jornada data manager. 3) Relating long-term NPP derived from this package with long-term precipitation is problematic given the importance of wet and dry periods and their effect on production in these ecosystems. 4) Data from 2013 and later are currently in provisional status and subject to change as we review the allometric equations used for estimating biomass.See Notes in the methods element for further details.</gco:CharacterString></gmd:abstract><gmd:purpose gco:nilReason="missing"/><gmd:pointOfContact><gmd:CI_ResponsibleParty><gmd:individualName><gco:CharacterString/></gmd:individualName><gmd:organisationName><gco:CharacterString>Data Manager</gco:CharacterString></gmd:organisationName><gmd:positionName gco:nilReason="missing"/><gmd:contactInfo><gmd:CI_Contact><gmd:phone><gmd:CI_Telephone><gmd:voice gco:nilReason="missing"/></gmd:CI_Telephone></gmd:phone><gmd:address><gmd:CI_Address><gmd:city gco:nilReason="missing"/><gmd:administrativeArea gco:nilReason="missing"/><gmd:postalCode gco:nilReason="missing"/><gmd:country gco:nilReason="missing"/><gmd:electronicMailAddress><gco:CharacterString>jornada.data@nmsu.edu</gco:CharacterString></gmd:electronicMailAddress></gmd:CI_Address></gmd:address><gmd:onlineResource><gmd:CI_OnlineResource><gmd:linkage gco:nilReason="missing"/></gmd:CI_OnlineResource></gmd:onlineResource><gmd:hoursOfService gco:nilReason="missing"/><gmd:contactInstructions gco:nilReason="missing"/></gmd:CI_Contact></gmd:contactInfo><gmd:role><gmd:CI_RoleCode codeList="https://www.ngdc.noaa.gov/metadata/published/xsd/schema/resources/Codelist/gmxCodelists.xml#gmd:CI_RoleCode" codeListValue="pointOfContact">pointOfContact</gmd:CI_RoleCode></gmd:role></gmd:CI_ResponsibleParty></gmd:pointOfContact><gmd:resourceMaintenance test="dataset/maintenance/maintenanceUpdateFrequency"><gmd:MD_MaintenanceInformation><gmd:maintenanceAndUpdateFrequency><gmd:MD_MaintenanceFrequencyCode codeList="http://standards.iso.org/iso/19139/resources/gmxCodelists.xml#MD_MaintenanceFrequencyCode" codeListValue="annually"/></gmd:maintenanceAndUpdateFrequency></gmd:MD_MaintenanceInformation></gmd:resourceMaintenance><gmd:descriptiveKeywords><gmd:MD_Keywords><gmd:keyword><gco:CharacterString>populations</gco:CharacterString></gmd:keyword><gmd:keyword><gco:CharacterString>primary production</gco:CharacterString></gmd:keyword><gmd:thesaurusName><gmd:CI_Citation xmlns:geonet="http://www.fao.org/geonetwork"><gmd:title><gco:CharacterString>Keyword Thesaurus Title</gco:CharacterString></gmd:title></gmd:CI_Citation></gmd:thesaurusName></gmd:MD_Keywords></gmd:descriptiveKeywords><gmd:descriptiveKeywords>
    <gmd:MD_Keywords>
        
        <gmd:keyword>
                        <gco:CharacterString>USDA-ARS</gco:CharacterString>
                    </gmd:keyword><gmd:type>
            <gmd:MD_KeywordTypeCode codeList="http://standards.iso.org/iso/19139/resources/gmxCodelists.xml#MD_KeywordTypeCode" codeListValue="theme"/>
        </gmd:type>
        <gmd:thesaurusName>
            <gmd:CI_Citation>
                <gmd:title>
                    <gco:CharacterString>Crossref Funding</gco:CharacterString>
                </gmd:title>
                <gmd:alternateTitle>
                    <gco:CharacterString>Crossref Open Funder Registry</gco:CharacterString>
                </gmd:alternateTitle>
                <gmd:date>
                    <gmd:CI_Date>
                        <gmd:date>
                            <gco:Date>2016-08-11</gco:Date>
                        </gmd:date>
                        <gmd:dateType>
                            <gmd:CI_DateTypeCode codeList="http://standards.iso.org/iso/19139/resources/gmxCodelists.xml#CI_DateTypeCode" codeListValue="revision">revision</gmd:CI_DateTypeCode>
                        </gmd:dateType>
                    </gmd:CI_Date>
                </gmd:date>
                <gmd:edition>
                    <gco:CharacterString>1.2</gco:CharacterString>
                </gmd:edition>
                <gmd:citedResponsibleParty>
                    <gmd:CI_ResponsibleParty uuid="814c1d4e-330a-4755-9f61-45cc24af2a8c">
                        <gmd:organisationName>
                            <gco:CharacterString>crossref.org</gco:CharacterString>
                        </gmd:organisationName>
                        <gmd:contactInfo>
                            <gmd:CI_Contact>
                                <gmd:onlineResource>
                                    <gmd:CI_OnlineResource>
                                        <gmd:linkage>
                                            <gmd:URL>https://www.crossref.org/services/funder-registry/</gmd:URL>
                                        </gmd:linkage>
                                        <gmd:protocol>
                                            <gco:CharacterString>HTTP</gco:CharacterString>
                                        </gmd:protocol>
                                        <gmd:applicationProfile>
                                            <gco:CharacterString>Web Browser</gco:CharacterString>
                                        </gmd:applicationProfile>
                                        <gmd:name>
                                            <gco:CharacterString>Open Funder Registry</gco:CharacterString>
                                        </gmd:name>
                                        <gmd:description>
                                            <gco:CharacterString>Funding data provides a standard way to report funding sources for published scholarly research. Publishers deposit funding information from articles and other content using a standard taxonomy of funder names.</gco:CharacterString>
                                        </gmd:description>
                                        <gmd:function>
                                            <gmd:CI_OnLineFunctionCode codeList="http://standards.iso.org/ittf/PubliclyAvailableStandards/ISO_19139_Schemas/resources/codelist/gmxCodelists.xml#CI_OnLineFunctionCode" codeListValue="information">information</gmd:CI_OnLineFunctionCode>
                                        </gmd:function>
                                    </gmd:CI_OnlineResource>
                                </gmd:onlineResource>
                            </gmd:CI_Contact>
                        </gmd:contactInfo>
                        <gmd:role>
                            <gmd:CI_RoleCode codeList="http://standards.iso.org/ittf/PubliclyAvailableStandards/ISO_19139_Schemas/resources/codelist/gmxCodelists.xml#CI_RoleCode" codeListValue="resourceProvider">Resource Provider</gmd:CI_RoleCode>
                        </gmd:role>
                    </gmd:CI_ResponsibleParty>
                </gmd:citedResponsibleParty>
                <gmd:otherCitationDetails>
                    <gco:CharacterString>A common taxonomy of over 11,000 funding body names that funding data initiative participants should use to normalize Funder Names and IDs.</gco:CharacterString>
                </gmd:otherCitationDetails>
            </gmd:CI_Citation>
        </gmd:thesaurusName>
    </gmd:MD_Keywords>
</gmd:descriptiveKeywords><gmd:descriptiveKeywords><gmd:MD_Keywords><gmd:keyword><gco:CharacterString>aboveground production</gco:CharacterString></gmd:keyword><gmd:keyword><gco:CharacterString>deserts</gco:CharacterString></gmd:keyword><gmd:keyword><gco:CharacterString>net primary production</gco:CharacterString></gmd:keyword><gmd:keyword><gco:CharacterString>vegetation</gco:CharacterString></gmd:keyword><gmd:thesaurusName><gmd:CI_Citation xmlns:geonet="http://www.fao.org/geonetwork"><gmd:title><gco:CharacterString>Keyword Thesaurus Title</gco:CharacterString></gmd:title></gmd:CI_Citation></gmd:thesaurusName></gmd:MD_Keywords></gmd:descriptiveKeywords><gmd:descriptiveKeywords><gmd:MD_Keywords><gmd:keyword><gco:CharacterString>ongoing</gco:CharacterString></gmd:keyword><gmd:thesaurusName><gmd:CI_Citation xmlns:geonet="http://www.fao.org/geonetwork"><gmd:title><gco:CharacterString>Keyword Thesaurus Title</gco:CharacterString></gmd:title></gmd:CI_Citation></gmd:thesaurusName></gmd:MD_Keywords></gmd:descriptiveKeywords><gmd:descriptiveKeywords><gmd:MD_Keywords><gmd:keyword><gco:CharacterString>NPP study</gco:CharacterString></gmd:keyword><gmd:keyword><gco:CharacterString>study 011</gco:CharacterString></gmd:keyword><gmd:thesaurusName><gmd:CI_Citation xmlns:geonet="http://www.fao.org/geonetwork"><gmd:title><gco:CharacterString>Keyword Thesaurus Title</gco:CharacterString></gmd:title></gmd:CI_Citation></gmd:thesaurusName></gmd:MD_Keywords></gmd:descriptiveKeywords><gmd:descriptiveKeywords><gmd:MD_Keywords><gmd:keyword><gco:CharacterString>C-CALI</gco:CharacterString></gmd:keyword><gmd:keyword><gco:CharacterString>C-GRAV</gco:CharacterString></gmd:keyword><gmd:keyword><gco:CharacterString>C-SAND</gco:CharacterString></gmd:keyword><gmd:keyword><gco:CharacterString>G-BASN</gco:CharacterString></gmd:keyword><gmd:keyword><gco:CharacterString>G-IBPE</gco:CharacterString></gmd:keyword><gmd:keyword><gco:CharacterString>G-SUMM</gco:CharacterString></gmd:keyword><gmd:keyword><gco:CharacterString>M-NORT</gco:CharacterString></gmd:keyword><gmd:keyword><gco:CharacterString>M-RABB</gco:CharacterString></gmd:keyword><gmd:keyword><gco:CharacterString>M-WELL</gco:CharacterString></gmd:keyword><gmd:keyword><gco:CharacterString>NPP locations</gco:CharacterString></gmd:keyword><gmd:keyword><gco:CharacterString>P-COLL</gco:CharacterString></gmd:keyword><gmd:keyword><gco:CharacterString>P-SMAL</gco:CharacterString></gmd:keyword><gmd:keyword><gco:CharacterString>P-TOBO</gco:CharacterString></gmd:keyword><gmd:keyword><gco:CharacterString>T-EAST</gco:CharacterString></gmd:keyword><gmd:keyword><gco:CharacterString>T-TAYL</gco:CharacterString></gmd:keyword><gmd:keyword><gco:CharacterString>T-WEST</gco:CharacterString></gmd:keyword><gmd:thesaurusName><gmd:CI_Citation xmlns:geonet="http://www.fao.org/geonetwork"><gmd:title><gco:CharacterString>Keyword Thesaurus Title</gco:CharacterString></gmd:title></gmd:CI_Citation></gmd:thesaurusName></gmd:MD_Keywords></gmd:descriptiveKeywords><gmd:descriptiveKeywords><gmd:MD_Keywords><gmd:keyword><gco:CharacterString>LTAR</gco:CharacterString></gmd:keyword><gmd:thesaurusName><gmd:CI_Citation xmlns:geonet="http://www.fao.org/geonetwork"><gmd:title><gco:CharacterString>Keyword Thesaurus Title</gco:CharacterString></gmd:title></gmd:CI_Citation></gmd:thesaurusName></gmd:MD_Keywords></gmd:descriptiveKeywords><gmd:descriptiveKeywords><gmd:MD_Keywords><gmd:keyword><gco:CharacterString>216</gco:CharacterString></gmd:keyword><gmd:keyword><gco:CharacterString>NSF &gt; LTER=Long-Term Ecological Research</gco:CharacterString></gmd:keyword><gmd:keyword><gco:CharacterString>USDA &gt; ARS &gt; Natural Resources and Sustainable Agricultural Systems National Program &gt; 216 Agricultural System Competitiveness and Sustainability</gco:CharacterString></gmd:keyword><gmd:type><gmd:MD_KeywordTypeCode codeListValue="theme" codeList="http://www.ngdc.noaa.gov/metadata/published/xsd/schema/resources/Codelist/gmxCodelists.xml#MD_KeywordTypeCode">theme</gmd:MD_KeywordTypeCode></gmd:type><gmd:thesaurusName><gmd:CI_Citation xmlns:geonet="http://www.fao.org/geonetwork"><gmd:title><gco:CharacterString>Keyword Thesaurus Title</gco:CharacterString></gmd:title></gmd:CI_Citation></gmd:thesaurusName></gmd:MD_Keywords></gmd:descriptiveKeywords><gmd:descriptiveKeywords><gmd:MD_Keywords><gmd:keyword><gco:CharacterString>NPP study locations: There are 15 sites used in the NPP study, spanning 5 vegetation community types in the Jornada Basin. This bounding box includes all 15 sites. More precise geographic coordinates for this study may be requested from the JRN LTER Data Manager (jornada.data@nmsu.edu).  </gco:CharacterString></gmd:keyword><gmd:type><gmd:MD_KeywordTypeCode codeListValue="place" codeList="http://www.ngdc.noaa.gov/metadata/published/xsd/schema/resources/Codelist/gmxCodelists.xml#MD_KeywordTypeCode">place</gmd:MD_KeywordTypeCode></gmd:type><gmd:thesaurusName><gmd:CI_Citation xmlns:geonet="http://www.fao.org/geonetwork" uuid="36abb798-de40-4d75-ba45-864b43b2a49e"><gmd:title><gco:CharacterString>Geographical Coverage Location Description</gco:CharacterString></gmd:title><gmd:alternateTitle><gco:CharacterString>Spatial Geographical Coverage Location</gco:CharacterString></gmd:alternateTitle><gmd:date gco:nilReason="unknown"/><gmd:edition gco:nilReason="unknown"/></gmd:CI_Citation></gmd:thesaurusName></gmd:MD_Keywords></gmd:descriptiveKeywords><gmd:descriptiveKeywords><gmd:MD_Keywords><gmd:keyword><gco:CharacterString xmlns:geonet="http://www.fao.org/geonetwork">Department of
									Agriculture=5 &gt; National Research=005:040</gco:CharacterString></gmd:keyword><gmd:type><gmd:MD_KeywordTypeCode codeList="http://standards.iso.org/iso/19139/resources/gmxCodelists.xml#MD_KeywordTypeCode" codeListValue="theme"/></gmd:type><gmd:thesaurusName><gmd:CI_Citation xmlns:geonet="http://www.fao.org/geonetwork" uuid="36abb798-de40-4d75-ba45-864b43b2a49e"><gmd:title><gco:CharacterString>Federal Program Inventory</gco:CharacterString></gmd:title><gmd:alternateTitle><gco:CharacterString>US Federal Program Codes</gco:CharacterString></gmd:alternateTitle><gmd:date><gmd:CI_Date><gmd:date><gco:Date>2013-09-16</gco:Date></gmd:date><gmd:dateType><gmd:CI_DateTypeCode codeList="http://standards.iso.org/iso/19139/resources/gmxCodelists.xml#CI_DateTypeCode" codeListValue="revision"/></gmd:dateType></gmd:CI_Date></gmd:date><gmd:edition><gco:CharacterString>Fiscal Year 2013</gco:CharacterString></gmd:edition><gmd:citedResponsibleParty><gmd:CI_ResponsibleParty uuid="f1cc15d4-efc7-43d0-97d7-c619a824bfd0"><gmd:organisationName><gco:CharacterString>Office of Management and
													Budget</gco:CharacterString></gmd:organisationName><gmd:contactInfo><gmd:CI_Contact><gmd:onlineResource><gmd:CI_OnlineResource><gmd:linkage><gmd:URL>https://www.whitehouse.gov/omb</gmd:URL></gmd:linkage><gmd:protocol><gco:CharacterString>HTTP</gco:CharacterString></gmd:protocol><gmd:applicationProfile><gco:CharacterString>Web Browser</gco:CharacterString></gmd:applicationProfile><gmd:name><gco:CharacterString>Office of Management and
																	Budget</gco:CharacterString></gmd:name><gmd:description><gco:CharacterString>The Office of Management and Budget
																	(OMB) serves the President of the United States in
																	overseeing the implementation of his vision across
																	the Executive Branch. Specifically, OMB&#x2019;s mission is
																	to assist the President in meeting his policy,
																	budget, management and regulatory objectives and to
																	fulfill the agency&#x2019;s statutory
																	responsibilities.</gco:CharacterString></gmd:description><gmd:function><gmd:CI_OnLineFunctionCode codeList="http://standards.iso.org/iso/19139/resources/gmxCodelists.xml#CI_OnLineFunctionCode" codeListValue="information"/></gmd:function></gmd:CI_OnlineResource></gmd:onlineResource></gmd:CI_Contact></gmd:contactInfo><gmd:role><gmd:CI_RoleCode codeList="http://standards.iso.org/iso/19139/resources/gmxCodelists.xml#CI_RoleCode" codeListValue="originator "/></gmd:role></gmd:CI_ResponsibleParty></gmd:citedResponsibleParty><gmd:otherCitationDetails><gco:CharacterString>Office of Management and budget. File
											FederalProgramInventory_FY13_MachineReadable_091613.xls, current loation
											unknown.</gco:CharacterString></gmd:otherCitationDetails></gmd:CI_Citation></gmd:thesaurusName></gmd:MD_Keywords></gmd:descriptiveKeywords><gmd:descriptiveKeywords><gmd:MD_Keywords><gmd:keyword><gco:CharacterString>Creative Commons Attribution</gco:CharacterString></gmd:keyword><gmd:type><gmd:MD_KeywordTypeCode codeListValue="theme" codeList="http://www.ngdc.noaa.gov/metadata/published/xsd/schema/resources/Codelist/gmxCodelists.xml#MD_KeywordTypeCode">theme</gmd:MD_KeywordTypeCode></gmd:type><gmd:thesaurusName><gmd:CI_Citation><gmd:title><gco:CharacterString>Ag Data Commons Data License Type</gco:CharacterString></gmd:title><gmd:alternateTitle><gco:CharacterString>USDA National Agricultural Library Ag Data Commons Data License Type</gco:CharacterString></gmd:alternateTitle><gmd:date><gmd:CI_Date><gmd:date><gco:Date>2016</gco:Date></gmd:date><gmd:dateType><gmd:CI_DateTypeCode codeList="http://standards.iso.org/iso/19139/resources/gmxCodelists.xml#CI_DateTypeCode" codeListValue="publication"/></gmd:dateType></gmd:CI_Date></gmd:date><gmd:edition gco:nilReason="missing"><gco:CharacterString/></gmd:edition><gmd:citedResponsibleParty><gmd:CI_ResponsibleParty uuid="b5d99c43-4f69-444b-8bf2-185e1672110f"><gmd:individualName><gco:CharacterString>Erin Antognoli</gco:CharacterString></gmd:individualName><gmd:organisationName><gco:CharacterString>USDA National Agricultural Library</gco:CharacterString></gmd:organisationName><gmd:positionName><gco:CharacterString>* Ag Data Commons Metadata Librarian</gco:CharacterString></gmd:positionName><gmd:contactInfo><gmd:CI_Contact uuid="4c0071d9-d58f-4f59-b398-a0a6a50d1228"><gmd:phone><gmd:CI_Telephone><gmd:voice gco:nilReason="missing"><gco:CharacterString/></gmd:voice><gmd:facsimile gco:nilReason="missing"><gco:CharacterString/></gmd:facsimile></gmd:CI_Telephone></gmd:phone><gmd:address><gmd:CI_Address><gmd:deliveryPoint><gco:CharacterString>10301 Baltimore Ave</gco:CharacterString></gmd:deliveryPoint><gmd:city><gco:CharacterString>Beltsville</gco:CharacterString></gmd:city><gmd:administrativeArea><gco:CharacterString>MD</gco:CharacterString></gmd:administrativeArea><gmd:postalCode><gco:CharacterString>20705</gco:CharacterString></gmd:postalCode><gmd:country><gco:CharacterString>United States of America</gco:CharacterString></gmd:country><gmd:electronicMailAddress><gco:CharacterString>nal-adc-curator@ars.usda.gov</gco:CharacterString></gmd:electronicMailAddress></gmd:CI_Address></gmd:address><gmd:onlineResource><gmd:CI_OnlineResource uuid="95889d18-443b-4683-9c18-f95ae6b21e06"><gmd:linkage><gmd:URL>https://nal.usda.gov</gmd:URL></gmd:linkage><gmd:protocol><gco:CharacterString>HTTP</gco:CharacterString></gmd:protocol><gmd:applicationProfile><gco:CharacterString>Web Browser</gco:CharacterString></gmd:applicationProfile><gmd:name><gco:CharacterString>USDA National Agricultural Library</gco:CharacterString></gmd:name><gmd:description><gco:CharacterString>The National Agricultural Library is one of the national libraries of the United States and houses one of the world's largest collections devoted to agriculture and its related sciences.</gco:CharacterString></gmd:description><gmd:function><gmd:CI_OnLineFunctionCode codeList="http://standards.iso.org/iso/19139/resources/gmxCodelists.xml#CI_OnLineFunctionCode" codeListValue="information"/></gmd:function></gmd:CI_OnlineResource></gmd:onlineResource><gmd:contactInstructions><gco:CharacterString>Ag Data Commons Metadata Contact</gco:CharacterString></gmd:contactInstructions></gmd:CI_Contact></gmd:contactInfo><gmd:role><gmd:CI_RoleCode codeListValue="pointOfContact" codeList="http://standards.iso.org/iso/19139/resources/gmxCodelists.xml#CI_RoleCode"/></gmd:role></gmd:CI_ResponsibleParty></gmd:citedResponsibleParty><gmd:otherCitationDetails><gco:CharacterString>Creative Commons and other licenses recognized by Ag Data Commons</gco:CharacterString></gmd:otherCitationDetails></gmd:CI_Citation></gmd:thesaurusName></gmd:MD_Keywords></gmd:descriptiveKeywords><gmd:descriptiveKeywords><gmd:MD_Keywords><gmd:keyword><gco:CharacterString>Department of Agriculture=5 &gt; Agricultural Research Service=005:018</gco:CharacterString></gmd:keyword><gmd:type><gmd:MD_KeywordTypeCode codeList="http://standards.iso.org/iso/19139/resources/gmxCodelists.xml#MD_KeywordTypeCode" codeListValue="theme"/></gmd:type><gmd:thesaurusName><gmd:CI_Citation xmlns:geonet="http://www.fao.org/geonetwork" uuid="6ba5a0f5-d960-4e34-9cc9-80e5217961a7"><gmd:title><gco:CharacterString>OMB Bureau Codes</gco:CharacterString></gmd:title><gmd:alternateTitle><gco:CharacterString>Office of Management and Budget Bureau Codes</gco:CharacterString></gmd:alternateTitle><gmd:date><gmd:CI_Date><gmd:date><gco:Date>2016</gco:Date></gmd:date><gmd:dateType><gmd:CI_DateTypeCode codeList="http://standards.iso.org/iso/19139/resources/gmxCodelists.xml#CI_DateTypeCode" codeListValue="revision"/></gmd:dateType></gmd:CI_Date></gmd:date><gmd:edition><gco:CharacterString>2016</gco:CharacterString></gmd:edition><gmd:citedResponsibleParty><gmd:CI_ResponsibleParty uuid="2c1e8dfb-0975-4db8-9741-0e2b124dd64a"><gmd:organisationName><gco:CharacterString>OMB Bureau Codes</gco:CharacterString></gmd:organisationName><gmd:contactInfo><gmd:CI_Contact><gmd:onlineResource><gmd:CI_OnlineResource><gmd:linkage><gmd:URL>https://obamawhitehouse.archives.gov/sites/default/files/omb/assets/a11_current_year/app_c.pdf</gmd:URL></gmd:linkage><gmd:protocol><gco:CharacterString>HTTP</gco:CharacterString></gmd:protocol><gmd:applicationProfile><gco:CharacterString>Web Browser</gco:CharacterString></gmd:applicationProfile><gmd:name><gco:CharacterString>APPENDIX C&#x2014;LISTING OF OMB AGENCY/BUREAU AND TREASURY CODES</gco:CharacterString></gmd:name><gmd:description><gco:CharacterString>In the MAX system, OMB assigns and uses agency and bureau codes, which are associated with agency and bureau titles that are published in the Budget.PDF file.</gco:CharacterString></gmd:description><gmd:function><gmd:CI_OnLineFunctionCode codeList="http://standards.iso.org/iso/19139/resources/gmxCodelists.xml#CI_OnLineFunctionCode" codeListValue="information"/></gmd:function></gmd:CI_OnlineResource></gmd:onlineResource></gmd:CI_Contact></gmd:contactInfo><gmd:role><gmd:CI_RoleCode codeList="http://standards.iso.org/iso/19139/resources/gmxCodelists.xml#CI_RoleCode" codeListValue="resourceProvider"/></gmd:role></gmd:CI_ResponsibleParty></gmd:citedResponsibleParty><gmd:otherCitationDetails><gco:CharacterString>Complete list of bureau codes</gco:CharacterString></gmd:otherCitationDetails></gmd:CI_Citation></gmd:thesaurusName></gmd:MD_Keywords></gmd:descriptiveKeywords><gmd:descriptiveKeywords><gmd:MD_Keywords><gmd:keyword><gco:CharacterString>Jornada Basin</gco:CharacterString></gmd:keyword><gmd:type><gmd:MD_KeywordTypeCode codeList="http://standards.iso.org/iso/19139/resources/gmxCodelists.xml#MD_KeywordTypeCode" codeListValue="place"/></gmd:type></gmd:MD_Keywords></gmd:descriptiveKeywords><gmd:descriptiveKeywords><gmd:MD_Keywords><gmd:keyword><gco:CharacterString>United States Department of Agriculture &gt; Agricultural Research Service &gt; Long-Term Agroecosystem Research &gt; Jornada Experimental Range</gco:CharacterString></gmd:keyword><gmd:keyword><gco:CharacterString>USDA &gt; ARS &gt; Natural Resources and Sustainable Agricultural Systems National Program &gt; 216 Agricultural System Competitiveness and Sustainability</gco:CharacterString></gmd:keyword><gmd:type><gmd:MD_KeywordTypeCode codeList="http://standards.iso.org/iso/19139/resources/gmxCodelists.xml#MD_KeywordTypeCode" codeListValue="theme"/></gmd:type><gmd:thesaurusName><gmd:CI_Citation xmlns:geonet="http://www.fao.org/geonetwork" uuid="dea454ff-f5ca-441e-9f4e-3647c1a1725f"><gmd:title><gco:CharacterString>Data Source Affiliation</gco:CharacterString></gmd:title><gmd:alternateTitle><gco:CharacterString>USDA NAL Data Source Affiliation</gco:CharacterString></gmd:alternateTitle><gmd:date><gmd:CI_Date><gmd:date><gco:Date>2017</gco:Date></gmd:date><gmd:dateType><gmd:CI_DateTypeCode codeList="http://standards.iso.org/iso/19139/resources/gmxCodelists.xml#CI_DateTypeCode" codeListValue="publication"/></gmd:dateType></gmd:CI_Date></gmd:date><gmd:edition gco:nilReason="missing"><gco:CharacterString/></gmd:edition><gmd:citedResponsibleParty><gmd:CI_ResponsibleParty uuid="b5d99c43-4f69-444b-8bf2-185e1672110f"><gmd:individualName><gco:CharacterString>Erin Antognoli</gco:CharacterString></gmd:individualName><gmd:organisationName><gco:CharacterString>USDA National Agricultural Library</gco:CharacterString></gmd:organisationName><gmd:positionName><gco:CharacterString>* Ag Data Commons Metadata Librarian</gco:CharacterString></gmd:positionName><gmd:contactInfo><gmd:CI_Contact uuid="4c0071d9-d58f-4f59-b398-a0a6a50d1228"><gmd:phone><gmd:CI_Telephone><gmd:voice gco:nilReason="missing"><gco:CharacterString/></gmd:voice><gmd:facsimile gco:nilReason="missing"><gco:CharacterString/></gmd:facsimile></gmd:CI_Telephone></gmd:phone><gmd:address><gmd:CI_Address><gmd:deliveryPoint><gco:CharacterString>10301 Baltimore Ave</gco:CharacterString></gmd:deliveryPoint><gmd:city><gco:CharacterString>Beltsville</gco:CharacterString></gmd:city><gmd:administrativeArea><gco:CharacterString>MD</gco:CharacterString></gmd:administrativeArea><gmd:postalCode><gco:CharacterString>20705</gco:CharacterString></gmd:postalCode><gmd:country><gco:CharacterString>United States of America</gco:CharacterString></gmd:country><gmd:electronicMailAddress><gco:CharacterString>nal-adc-curator@ars.usda.gov</gco:CharacterString></gmd:electronicMailAddress></gmd:CI_Address></gmd:address><gmd:onlineResource><gmd:CI_OnlineResource uuid="95889d18-443b-4683-9c18-f95ae6b21e06"><gmd:linkage><gmd:URL>https://nal.usda.gov</gmd:URL></gmd:linkage><gmd:protocol><gco:CharacterString>HTTP</gco:CharacterString></gmd:protocol><gmd:applicationProfile><gco:CharacterString>Web Browser</gco:CharacterString></gmd:applicationProfile><gmd:name><gco:CharacterString>USDA National Agricultural Library</gco:CharacterString></gmd:name><gmd:description><gco:CharacterString>The National Agricultural Library is one of the national libraries of the United States and houses one of the world's largest collections devoted to agriculture and its related sciences.</gco:CharacterString></gmd:description><gmd:function><gmd:CI_OnLineFunctionCode codeList="http://standards.iso.org/iso/19139/resources/gmxCodelists.xml#CI_OnLineFunctionCode" codeListValue="information"/></gmd:function></gmd:CI_OnlineResource></gmd:onlineResource><gmd:contactInstructions><gco:CharacterString>Ag Data Commons Metadata Contact</gco:CharacterString></gmd:contactInstructions></gmd:CI_Contact></gmd:contactInfo><gmd:role><gmd:CI_RoleCode codeListValue="pointOfContact" codeList="http://standards.iso.org/iso/19139/resources/gmxCodelists.xml#CI_RoleCode"/></gmd:role></gmd:CI_ResponsibleParty></gmd:citedResponsibleParty><gmd:otherCitationDetails><gco:CharacterString>A controlled vocabulary to associate data and GIS layers with the data providers and affilated resarch networks.</gco:CharacterString></gmd:otherCitationDetails></gmd:CI_Citation></gmd:thesaurusName></gmd:MD_Keywords></gmd:descriptiveKeywords><gmd:descriptiveKeywords><gmd:MD_Keywords><gmd:keyword><gco:CharacterString>agroecosystems</gco:CharacterString></gmd:keyword><gmd:keyword><gco:CharacterString>rangelands</gco:CharacterString></gmd:keyword><gmd:keyword><gco:CharacterString>sustainable agricultural intensification</gco:CharacterString></gmd:keyword><gmd:type><gmd:MD_KeywordTypeCode codeList="http://standards.iso.org/iso/19139/resources/gmxCodelists.xml#MD_KeywordTypeCode" codeListValue="theme"/></gmd:type><gmd:thesaurusName><gmd:CI_Citation xmlns:geonet="http://www.fao.org/geonetwork" uuid="ecbf87b1-ca15-41b5-bfe0-6589a975770b"><gmd:title><gco:CharacterString>National Agricultural Library Thesaurus (NALT)</gco:CharacterString></gmd:title><gmd:date><gmd:CI_Date><gmd:date><gco:Date>2015</gco:Date></gmd:date><gmd:dateType><gmd:CI_DateTypeCode codeList="http://standards.iso.org/iso/19139/resources/gmxCodelists.xml#CI_DateTypeCode" codeListValue="publication"/></gmd:dateType></gmd:CI_Date></gmd:date><gmd:edition><gco:CharacterString>2015 Edition</gco:CharacterString></gmd:edition><gmd:citedResponsibleParty><gmd:CI_ResponsibleParty uuid="4d172771-89ca-4561-8233-db638076a892"><gmd:organisationName><gco:CharacterString>National Agricultural Library Thesaurus (NALT)</gco:CharacterString></gmd:organisationName><gmd:positionName><gco:CharacterString>* Agricultural Reference</gco:CharacterString></gmd:positionName><gmd:contactInfo><gmd:CI_Contact><gmd:address><gmd:CI_Address><gmd:deliveryPoint><gco:CharacterString>10301 Baltimore Ave</gco:CharacterString></gmd:deliveryPoint><gmd:city><gco:CharacterString>Beltsville, MD</gco:CharacterString></gmd:city><gmd:postalCode><gco:CharacterString>20705</gco:CharacterString></gmd:postalCode><gmd:country><gco:CharacterString>United States of America</gco:CharacterString></gmd:country><gmd:electronicMailAddress><gco:CharacterString>agref@ars.usda.gov</gco:CharacterString></gmd:electronicMailAddress></gmd:CI_Address></gmd:address><gmd:onlineResource><gmd:CI_OnlineResource><gmd:linkage><gmd:URL>https://agclass.nal.usda.gov/</gmd:URL></gmd:linkage><gmd:protocol><gco:CharacterString>HTTP</gco:CharacterString></gmd:protocol><gmd:applicationProfile><gco:CharacterString>Web Browser</gco:CharacterString></gmd:applicationProfile><gmd:name><gco:CharacterString>USDA National Agricultural Library Thesaurus and Glossary Home Page</gco:CharacterString></gmd:name><gmd:description><gco:CharacterString>The Thesaurus and Glossary are online vocabulary tools of agricultural terms in English and Spanish and are cooperatively produced by the National Agricultural Library, USDA, and the Inter-American Institute for Cooperation on Agriculture as well as other Latin American agricultural institutions belonging to the Agriculture Information and Documentation Service of the Americas (SIDALC).</gco:CharacterString></gmd:description><gmd:function><gmd:CI_OnLineFunctionCode codeList="http://standards.iso.org/iso/19139/resources/gmxCodelists.xml#CI_OnLineFunctionCode" codeListValue="information"/></gmd:function></gmd:CI_OnlineResource></gmd:onlineResource></gmd:CI_Contact></gmd:contactInfo><gmd:role><gmd:CI_RoleCode codeListValue="pointOfContact" codeList="http://standards.iso.org/iso/19139/resources/gmxCodelists.xml#CI_RoleCode"/></gmd:role></gmd:CI_ResponsibleParty></gmd:citedResponsibleParty><gmd:otherCitationDetails><gco:CharacterString>A controlled vocabulary of keywords to classify dataset records in Ag Data Commons</gco:CharacterString></gmd:otherCitationDetails></gmd:CI_Citation></gmd:thesaurusName></gmd:MD_Keywords></gmd:descriptiveKeywords><gmd:descriptiveKeywords><gmd:MD_Keywords><gmd:keyword><gco:CharacterString>31922</gco:CharacterString></gmd:keyword><gmd:type><gmd:MD_KeywordTypeCode codeList="http://standards.iso.org/iso/19139/resources/gmxCodelists.xml#MD_KeywordTypeCode" codeListValue="theme"/></gmd:type><gmd:thesaurusName><gmd:CI_Citation xmlns:geonet="http://www.fao.org/geonetwork" uuid="763005c9-762c-4a67-9fc1-5aaea4086568"><gmd:title><gco:CharacterString>Ag Data Commons Keywords</gco:CharacterString></gmd:title><gmd:alternateTitle><gco:CharacterString>USDA NAL Ag Data Commons Keywords</gco:CharacterString></gmd:alternateTitle><gmd:date><gmd:CI_Date><gmd:date><gco:Date>2016</gco:Date></gmd:date><gmd:dateType><gmd:CI_DateTypeCode codeList="http://standards.iso.org/iso/19139/resources/gmxCodelists.xml#CI_DateTypeCode" codeListValue="publication"/></gmd:dateType></gmd:CI_Date></gmd:date><gmd:edition><gco:CharacterString>ADC Keywords hierarchy v4</gco:CharacterString></gmd:edition><gmd:citedResponsibleParty><gmd:CI_ResponsibleParty uuid="b5d99c43-4f69-444b-8bf2-185e1672110f"><gmd:individualName><gco:CharacterString>Erin Antognoli</gco:CharacterString></gmd:individualName><gmd:organisationName><gco:CharacterString>USDA National Agricultural Library</gco:CharacterString></gmd:organisationName><gmd:positionName><gco:CharacterString>* Ag Data Commons Metadata Librarian</gco:CharacterString></gmd:positionName><gmd:contactInfo><gmd:CI_Contact uuid="4c0071d9-d58f-4f59-b398-a0a6a50d1228"><gmd:phone><gmd:CI_Telephone><gmd:voice gco:nilReason="missing"><gco:CharacterString/></gmd:voice><gmd:facsimile gco:nilReason="missing"><gco:CharacterString/></gmd:facsimile></gmd:CI_Telephone></gmd:phone><gmd:address><gmd:CI_Address><gmd:deliveryPoint><gco:CharacterString>10301 Baltimore Ave</gco:CharacterString></gmd:deliveryPoint><gmd:city><gco:CharacterString>Beltsville</gco:CharacterString></gmd:city><gmd:administrativeArea><gco:CharacterString>MD</gco:CharacterString></gmd:administrativeArea><gmd:postalCode><gco:CharacterString>20705</gco:CharacterString></gmd:postalCode><gmd:country><gco:CharacterString>United States of America</gco:CharacterString></gmd:country><gmd:electronicMailAddress><gco:CharacterString>nal-adc-curator@ars.usda.gov</gco:CharacterString></gmd:electronicMailAddress></gmd:CI_Address></gmd:address><gmd:onlineResource><gmd:CI_OnlineResource uuid="95889d18-443b-4683-9c18-f95ae6b21e06"><gmd:linkage><gmd:URL>https://nal.usda.gov</gmd:URL></gmd:linkage><gmd:protocol><gco:CharacterString>HTTP</gco:CharacterString></gmd:protocol><gmd:applicationProfile><gco:CharacterString>Web Browser</gco:CharacterString></gmd:applicationProfile><gmd:name><gco:CharacterString>USDA National Agricultural Library</gco:CharacterString></gmd:name><gmd:description><gco:CharacterString>The National Agricultural Library is one of the national libraries of the United States and houses one of the world's largest collections devoted to agriculture and its related sciences.</gco:CharacterString></gmd:description><gmd:function><gmd:CI_OnLineFunctionCode codeList="http://standards.iso.org/iso/19139/resources/gmxCodelists.xml#CI_OnLineFunctionCode" codeListValue="information"/></gmd:function></gmd:CI_OnlineResource></gmd:onlineResource><gmd:contactInstructions><gco:CharacterString>Ag Data Commons Metadata Contact</gco:CharacterString></gmd:contactInstructions></gmd:CI_Contact></gmd:contactInfo><gmd:role><gmd:CI_RoleCode codeListValue="pointOfContact" codeList="http://standards.iso.org/iso/19139/resources/gmxCodelists.xml#CI_RoleCode"/></gmd:role></gmd:CI_ResponsibleParty></gmd:citedResponsibleParty><gmd:otherCitationDetails><gco:CharacterString>A controlled vocabulary of keywords to classify dataset records in Ag Data Commons</gco:CharacterString></gmd:otherCitationDetails></gmd:CI_Citation></gmd:thesaurusName></gmd:MD_Keywords></gmd:descriptiveKeywords><gmd:resourceConstraints><gmd:MD_LegalConstraints><gmd:accessConstraints><gmd:MD_RestrictionCode codeList="https://www.ngdc.noaa.gov/metadata/published/xsd/schema/resources/Codelist/gmxCodelists.xml#gmd:MD_RestrictionCode" codeListValue="otherRestrictions">otherRestrictions</gmd:MD_RestrictionCode></gmd:accessConstraints><gmd:useConstraints/><gmd:otherConstraints><gco:CharacterString>This information is released under the Creative Commons license - Attribution - CC BY (https://creativecommons.org/licenses/by/4.0/). The consumer of these data ("Data User" herein) is required to cite it appropriately in any publication that results from its use. The Data User should realize that these data may be actively used by others for ongoing research and that coordination may be necessary to prevent duplicate publication. The Data User is urged to contact the authors of these data if any questions about methodology or results occur. Where appropriate, the Data User is encouraged to consider collaboration or co-authorship with the authors. The Data User should realize that misinterpretation of data may occur if used out of context of the original study. While substantial efforts are made to ensure the accuracy of data and associated documentation, complete accuracy of data sets cannot be guaranteed. All data are made available "as is." The Data User should be aware, however, that data are updated periodically and it is the responsibility of the Data User to check for new versions of the data. The data authors and the repository where these data were obtained shall not be liable for damages resulting from any use or misinterpretation of the data. Thank you.</gco:CharacterString></gmd:otherConstraints></gmd:MD_LegalConstraints></gmd:resourceConstraints><gmd:language><gmd:LanguageCode codeList="http://standards.iso.org/ittf/PubliclyAvailableStandards/ISO_19139_Schemas/resources/Codelist/ML_gmxCodelists.xml#LanguageCode" codeListValue="eng">English</gmd:LanguageCode></gmd:language><gmd:characterSet><gmd:MD_CharacterSetCode codeList="http://www.isotc211.org/2005/resources/Codelist/gmxCodelists.xml#MD_CharacterSetCode" codeListValue=""/></gmd:characterSet><gmd:topicCategory><gmd:MD_TopicCategoryCode>farming</gmd:MD_TopicCategoryCode></gmd:topicCategory><gmd:topicCategory><gmd:MD_TopicCategoryCode>environment</gmd:MD_TopicCategoryCode></gmd:topicCategory><gmd:topicCategory><gmd:MD_TopicCategoryCode>biota</gmd:MD_TopicCategoryCode></gmd:topicCategory><gmd:topicCategory><gmd:MD_TopicCategoryCode>climatologyMeteorologyAtmosphere</gmd:MD_TopicCategoryCode></gmd:topicCategory><gmd:topicCategory><gmd:MD_TopicCategoryCode>geoscientificInformation</gmd:MD_TopicCategoryCode></gmd:topicCategory><gmd:extent><gmd:EX_Extent id="boundingExtent"><gmd:geographicElement><gmd:EX_GeographicBoundingBox><gmd:westBoundLongitude><gco:Decimal>-106.865000</gco:Decimal></gmd:westBoundLongitude><gmd:eastBoundLongitude><gco:Decimal>-106.713000</gco:Decimal></gmd:eastBoundLongitude><gmd:southBoundLatitude><gco:Decimal>32.488000</gco:Decimal></gmd:southBoundLatitude><gmd:northBoundLatitude><gco:Decimal>32.669000</gco:Decimal></gmd:northBoundLatitude></gmd:EX_GeographicBoundingBox></gmd:geographicElement><gmd:temporalElement><gmd:EX_TemporalExtent><gmd:extent><gml:TimePeriod gml:id="timePeriod1"><gml:begin><gml:TimeInstant gml:id="timePeriod1BeginDate"><gml:timePosition>1989-05-01</gml:timePosition></gml:TimeInstant></gml:begin><gml:end><gml:TimeInstant gml:id="timePeriod1EndDate"><gml:timePosition>2022-10-31</gml:timePosition></gml:TimeInstant></gml:end></gml:TimePeriod></gmd:extent></gmd:EX_TemporalExtent></gmd:temporalElement></gmd:EX_Extent></gmd:extent></gmd:MD_DataIdentification></gmd:identificationInfo><gmd:contentInfo><gmd:MD_CoverageDescription><gmd:attributeDescription gco:nilReason="unknown"/><gmd:contentType><gmd:MD_CoverageContentTypeCode codeList="https://www.ngdc.noaa.gov/metadata/published/xsd/schema/resources/Codelist/gmxCodelists.xml#gmd:MD_CoverageContentTypeCode" codeListValue="physicalMeasurement">physicalMeasurement</gmd:MD_CoverageContentTypeCode></gmd:contentType><gmd:dimension><gmd:MD_Band><gmd:sequenceIdentifier><gco:MemberName><gco:aName><gco:CharacterString>file_id</gco:CharacterString></gco:aName><gco:attributeType><gco:TypeName><gco:aName gco:nilReason="missing"/></gco:TypeName></gco:attributeType></gco:MemberName></gmd:sequenceIdentifier><gmd:descriptor><gco:CharacterString>File ID- File identifier with pattern NQBIOyyyys [where NQBIO=NPP Quad Biomass; yyyy=YEAR; s=Season (S=Summer, W=Winter, F=Fall)]</gco:CharacterString></gmd:descriptor></gmd:MD_Band></gmd:dimension><gmd:dimension><gmd:MD_Band><gmd:sequenceIdentifier><gco:MemberName><gco:aName><gco:CharacterString>year</gco:CharacterString></gco:aName><gco:attributeType><gco:TypeName><gco:aName gco:nilReason="missing"/></gco:TypeName></gco:attributeType></gco:MemberName></gmd:sequenceIdentifier><gmd:descriptor><gco:CharacterString>Year- Year of field quadrat measurement</gco:CharacterString></gmd:descriptor></gmd:MD_Band></gmd:dimension><gmd:dimension><gmd:MD_Band><gmd:sequenceIdentifier><gco:MemberName><gco:aName><gco:CharacterString>season</gco:CharacterString></gco:aName><gco:attributeType><gco:TypeName><gco:aName gco:nilReason="missing"/></gco:TypeName></gco:attributeType></gco:MemberName></gmd:sequenceIdentifier><gmd:descriptor><gco:CharacterString>Season- Season of field quadrat measurement</gco:CharacterString></gmd:descriptor></gmd:MD_Band></gmd:dimension><gmd:dimension><gmd:MD_Band><gmd:sequenceIdentifier><gco:MemberName><gco:aName><gco:CharacterString>date</gco:CharacterString></gco:aName><gco:attributeType><gco:TypeName><gco:aName gco:nilReason="missing"/></gco:TypeName></gco:attributeType></gco:MemberName></gmd:sequenceIdentifier><gmd:descriptor><gco:CharacterString>Date- Date of quadrat field measurement</gco:CharacterString></gmd:descriptor></gmd:MD_Band></gmd:dimension><gmd:dimension><gmd:MD_Band><gmd:sequenceIdentifier><gco:MemberName><gco:aName><gco:CharacterString>zone</gco:CharacterString></gco:aName><gco:attributeType><gco:TypeName><gco:aName gco:nilReason="missing"/></gco:TypeName></gco:attributeType></gco:MemberName></gmd:sequenceIdentifier><gmd:descriptor><gco:CharacterString>Vegetation zone- Jornada Basin vegetation zone</gco:CharacterString></gmd:descriptor></gmd:MD_Band></gmd:dimension><gmd:dimension><gmd:MD_Band><gmd:sequenceIdentifier><gco:MemberName><gco:aName><gco:CharacterString>site</gco:CharacterString></gco:aName><gco:attributeType><gco:TypeName><gco:aName gco:nilReason="missing"/></gco:TypeName></gco:attributeType></gco:MemberName></gmd:sequenceIdentifier><gmd:descriptor><gco:CharacterString>NPP Site- Name of Jornada NPP project site (one of 15)</gco:CharacterString></gmd:descriptor></gmd:MD_Band></gmd:dimension><gmd:dimension><gmd:MD_Band><gmd:sequenceIdentifier><gco:MemberName><gco:aName><gco:CharacterString>quad</gco:CharacterString></gco:aName><gco:attributeType><gco:TypeName><gco:aName><gco:CharacterString>number</gco:CharacterString></gco:aName></gco:TypeName></gco:attributeType></gco:MemberName></gmd:sequenceIdentifier><gmd:descriptor><gco:CharacterString>Quadrat- Quadrat number</gco:CharacterString></gmd:descriptor><gmd:units xlink:href="http://someUnitsDictionary.xml#number"/></gmd:MD_Band></gmd:dimension><gmd:dimension><gmd:MD_Band><gmd:sequenceIdentifier><gco:MemberName><gco:aName><gco:CharacterString>spp</gco:CharacterString></gco:aName><gco:attributeType><gco:TypeName><gco:aName gco:nilReason="missing"/></gco:TypeName></gco:attributeType></gco:MemberName></gmd:sequenceIdentifier><gmd:descriptor><gco:CharacterString>Species code- Plant species code - a JRN LTER plant code. Current, recognized taxonomic codes are in the "USDA_code" column, or refer to the JRN Vascular Plant List EDI package (knb-lter-jrn.210520001)</gco:CharacterString></gmd:descriptor></gmd:MD_Band></gmd:dimension><gmd:dimension><gmd:MD_Band><gmd:sequenceIdentifier><gco:MemberName><gco:aName><gco:CharacterString>volume</gco:CharacterString></gco:aName><gco:attributeType><gco:TypeName><gco:aName gco:nilReason="missing"/></gco:TypeName></gco:attributeType></gco:MemberName></gmd:sequenceIdentifier><gmd:descriptor><gco:CharacterString>Volume- Species volume in cubic centimeters</gco:CharacterString></gmd:descriptor></gmd:MD_Band></gmd:dimension><gmd:dimension><gmd:MD_Band><gmd:sequenceIdentifier><gco:MemberName><gco:aName><gco:CharacterString>cum_cover</gco:CharacterString></gco:aName><gco:attributeType><gco:TypeName><gco:aName gco:nilReason="missing"/></gco:TypeName></gco:attributeType></gco:MemberName></gmd:sequenceIdentifier><gmd:descriptor><gco:CharacterString>Cumulative cover- Cumulative cover percentage for the species</gco:CharacterString></gmd:descriptor></gmd:MD_Band></gmd:dimension><gmd:dimension><gmd:MD_Band><gmd:sequenceIdentifier><gco:MemberName><gco:aName><gco:CharacterString>biomass</gco:CharacterString></gco:aName><gco:attributeType><gco:TypeName><gco:aName gco:nilReason="missing"/></gco:TypeName></gco:attributeType></gco:MemberName></gmd:sequenceIdentifier><gmd:descriptor><gco:CharacterString>Biomass- Biomass in grams</gco:CharacterString></gmd:descriptor></gmd:MD_Band></gmd:dimension><gmd:dimension><gmd:MD_Band><gmd:sequenceIdentifier><gco:MemberName><gco:aName><gco:CharacterString>USDA_code</gco:CharacterString></gco:aName><gco:attributeType><gco:TypeName><gco:aName gco:nilReason="missing"/></gco:TypeName></gco:attributeType></gco:MemberName></gmd:sequenceIdentifier><gmd:descriptor><gco:CharacterString>USDA Plants code- Taxonomic code from USDA Plants database (https://plants.usda.gov)</gco:CharacterString></gmd:descriptor></gmd:MD_Band></gmd:dimension><gmd:dimension><gmd:MD_Band><gmd:sequenceIdentifier><gco:MemberName><gco:aName><gco:CharacterString>habit</gco:CharacterString></gco:aName><gco:attributeType><gco:TypeName><gco:aName gco:nilReason="missing"/></gco:TypeName></gco:attributeType></gco:MemberName></gmd:sequenceIdentifier><gmd:descriptor><gco:CharacterString>Habit- Life history habit (annual, perennial, etc)</gco:CharacterString></gmd:descriptor></gmd:MD_Band></gmd:dimension><gmd:dimension><gmd:MD_Band><gmd:sequenceIdentifier><gco:MemberName><gco:aName><gco:CharacterString>form</gco:CharacterString></gco:aName><gco:attributeType><gco:TypeName><gco:aName gco:nilReason="missing"/></gco:TypeName></gco:attributeType></gco:MemberName></gmd:sequenceIdentifier><gmd:descriptor><gco:CharacterString>Form- Vegetation growth form</gco:CharacterString></gmd:descriptor></gmd:MD_Band></gmd:dimension><gmd:dimension><gmd:MD_Band><gmd:sequenceIdentifier><gco:MemberName><gco:aName><gco:CharacterString>cpath</gco:CharacterString></gco:aName><gco:attributeType><gco:TypeName><gco:aName gco:nilReason="missing"/></gco:TypeName></gco:attributeType></gco:MemberName></gmd:sequenceIdentifier><gmd:descriptor><gco:CharacterString>PS pathway- Photosynthetic pathway</gco:CharacterString></gmd:descriptor></gmd:MD_Band></gmd:dimension></gmd:MD_CoverageDescription></gmd:contentInfo><gmd:distributionInfo><gmd:MD_Distribution><gmd:distributionFormat><gmd:MD_Format><gmd:name gco:nilReason="missing"/><gmd:version gco:nilReason="missing"/></gmd:MD_Format></gmd:distributionFormat></gmd:MD_Distribution></gmd:distributionInfo><gmd:dataQualityInfo><gmd:DQ_DataQuality><gmd:scope><gmd:DQ_Scope><gmd:level><gmd:MD_ScopeCode codeList="http://www.isotc211.org/2005/resources/Codelist/gmxCodelists.xml#MD_ScopeCode" codeListValue="dataset">dataset</gmd:MD_ScopeCode></gmd:level></gmd:DQ_Scope></gmd:scope><gmd:lineage><gmd:LI_Lineage><gmd:statement><gco:CharacterString/></gmd:statement><gmd:processStep><gmd:LI_ProcessStep><gmd:description><gco:CharacterString>General study design: There are 15 net primary production (NPP) monitoring sites located in 5 vegetation communities that represent the major vegetation types of the Jornada Basin. These vegetation zones and their associated NPP sites (3 per zone) are: 1) creosotebush scrub (CALI, GRAV, SAND), 2) tarbush flats (EAST, TAYL, WEST), 3) grassland (BASN, IBPE, SUMM), 4) mesquite dunes (NORT, RABB, WELL), and 5) playa (COLL, SMAL, TOBO). Grids of permanent 1 square meter replicate quadrats have been established at each site for long-term monitoring of net primary production. Grids consist of 49 quadrats arranged in a square 7 x 7 pattern, with quadrats 10 m apart. (Exception: P-COLL, the College Ranch playa, has 48 quadrats arranged in a 3 x 16 pattern). NPP observations at the quadrats, including the non-destructive and off-grid harvests described below, began in April 1989. The objectives of the NPP study are to monitor spatial and temporal patterns of aboveground biomass across a range of ecosystem types; to allow the estimation of net primary production and its variability in those ecosystems; and to provide a quantitative description of plant community structure over time in those ecosystems. This data package contains calculated plant volume and aboveground biomass values for each species and quadrat at all NPP sites during fall, winter, and spring sampling periods. It is the most detailed biomass dataset available and it can be (and has been) used to derive seasonal or annual values of NPP. Biomass estimation methods, and changes to those methods and the data, are described below. Data used to calculate species volume and biomass at the NPP quadrats come from two source datasets: 1) off-grid reference measurements of aboveground plant volume (derived from cover and height) and harvested aboveground plant biomass, and 2) non-destructive plant volume measurements (again, from cover and height) at permanent NPP quadrats (see "Source data packages" for further details). The reference harvest dataset is used to build linear regression models of plant biomass as a function of plant volume. Depending on the outcome of a model selection process involving F-testing of models with and without interaction terms, these models may be specific to species, groups of similar species, site, season, or some combination of these factors. The non-destructive measurements of plant cover and height are used to calculate species volume at each permanent quadrat. For each of these species volumes, the selected biomass-volume linear models are then used to estimate aboveground biomass at the permanent quadrat. Huenneke et al.&#xA0;(2001) describes both the non-destructive and reference harvest sampling methods and the subsequent biomass regression model selection. Descriptions of the NPP sites, sampling design, and results from the first ~10 years of data collection were initially laid out by Huenneke et al.&#xA0;(2002). Both the data and the methods used in the study have evolved since, and there are two additional publications that describe those changes. In around 2008 it was determined that forcing the y-intercept of the biomass-volume linear models through zero gave more sensible estimates of quadrat biomass. This change is described by Muldavin et al.&#xA0;(2008) and the regression models and resulting biomass datasets were changed to be consistent with this study. Later, Peters et al.&#xA0;(2012) described additional updates to the biomass-volume regression coefficients that resulted from additional harvests of selected Chihuahuan desert species. The protocol for that publication also removed problematic species (Yucca elata) from subsequent NPP calculations, which affects NPP datasets derived from this one (see "Derived data packages"). NOTE 1: These data are not appropriate for estimates of percentage cover. NPP-associated percent cover measurements were developed for and are used solely to provide the best estimate of biomass production. Because the methodology results in measurements of overlapping subcanopy systems and canopies of adjacent individuals, NPP percent cover measurements are not an appropriate measure of actual aerial plant cover. Doing so will result in inflated numbers for the "actual" vegetative cover. NOTE 2: Calculated values in this data package have changed over time as the methodology for deriving biomass has changed. Data through 2003 was replaced online per below on 9/22/2011. Analyses and results for ANPP differ from previous uses of the data from 1989-1998 (Huenneke et al., 2002) in three ways: (1) Yucca elata was removed prior to analysis because its growth form results in large errors in biomass estimates from year-to-year, (2) regressions between biomass and plant volume used an intercept equal to 0 to be consistent with a recent study in a similar system (Muldavin et al., 2008), and (3) reference harvests obtained in extreme years resulted in adjusted regression coefficients through time that reflect year-to-year variation in ANPP. These changes result in ANPP values that are smaller compared (Peters et al.&#xA0;2012) with previous studies (Huenneke et al., 2002). NOTE 3: See Peters et al.&#xA0;GCB 2012 for the relationships between ANPP and PPT in wet periods, and the inappropriate use of long-term ANPP vs long-term PPT. NOTE 4: Plant species codes in the "spp" column of the data file are specific to the Jornada Basin LTER. However, USDA Plants Database codes (plants.usda.gov) have been assigned to most of these local codes in a separate column. Further details for linking the local codes to currently recognized taxa may be found in the "JRN Vascular Plants" EDI package (knb-lter-jrn.210520001). NOTE 5: In 2022 we initiated a new effort to evaluate the allometric equations used to estimate biomass from field volumetric measurements, which will potentially affect data in this dataset and other ANPP datasets (such as knb-lter-jrn.210011003). Therefore, values since 2012 are provisional and subject to some change as this evaluation proceeds. Please contact the JRN Information manager for further information. Biomass values in this dataset are calculated using two other data sources, each assigned to their own JRN package IDs and regularly maintained on EDI. 1. Non-destructive quadrat measurements of plant cover and height collected in the field at NPP sites (EDI package knb-lter-jrn.210011002). 2. Reference harvest measurements consisting of plant cover, height, and harvested biomass taken outside the NPP plots and used to generate regression models of biomass as a function of volume (EDI package knb-lter-jrn.210011004). knb-lter-jrn.210011003 - Annual NPP summaries by site Huenneke, Laura F., Dennis Clason, and Esteban Muldavin. "Spatial heterogeneity in Chihuahuan Desert vegetation: implications for sampling methods in semi-arid ecosystems." Journal of Arid Environments 47, no. 3 (2001): 257-270. Huenneke, Laura F., John P. Anderson, Marta Remmenga, and William H. Schlesinger. "Desertification alters patterns of aboveground net primary production in Chihuahuan ecosystems." Global Change Biology 8, no. 3 (2002): 247-264. Muldavin, Esteban H., Douglas I. Moore, Scott L. Collins, Karen R. Wetherill, and David C. Lightfoot. "Aboveground net primary production dynamics in a northern Chihuahuan Desert ecosystem." Oecologia 155, no. 1 (2008): 123-132. Peters, Debra PC, Jin Yao, Osvaldo E. Sala, and John P. Anderson. "Directional climate change and potential reversal of desertification in arid and semiarid ecosystems." Global Change Biology 18, no. 1 (2012): 151-163.</gco:CharacterString></gmd:description></gmd:LI_ProcessStep></gmd:processStep></gmd:LI_Lineage></gmd:lineage></gmd:DQ_DataQuality></gmd:dataQualityInfo><gmd:metadataConstraints><gmd:MD_LegalConstraints><gmd:otherConstraints><gco:CharacterString>uid=JRN,o=LTER,dc=ecoinformatics,dc=org: all</gco:CharacterString></gmd:otherConstraints><gmd:otherConstraints><gco:CharacterString>public: read</gco:CharacterString></gmd:otherConstraints></gmd:MD_LegalConstraints></gmd:metadataConstraints></gmd:MD_Metadata>
