<?xml version="1.0" encoding="UTF-8"?>
<eml:eml xmlns:eml="https://eml.ecoinformatics.org/eml-2.2.0" xmlns:stmml="http://www.xml-cml.org/schema/stmml-1.2" xmlns:xsi="http://www.w3.org/2001/XMLSchema-instance" packageId="knb-lter-jrn.210011003.106" system="https://pasta.edirepository.org" xsi:schemaLocation="https://eml.ecoinformatics.org/eml-2.2.0 https://eml.ecoinformatics.org/eml-2.2.0/eml.xsd">
  <access authSystem="https://pasta.edirepository.org/authentication" order="allowFirst" scope="document" system="https://pasta.edirepository.org">
    <allow>
      <principal>uid=JRN,o=LTER,dc=ecoinformatics,dc=org</principal>
      <permission>all</permission>
    </allow>
    <allow>
      <principal>public</principal>
      <permission>read</permission>
    </allow>
  </access>
  <dataset id="d210011003">
    <alternateIdentifier system="https://doi.org">doi:10.6073/pasta/70d2a2b922bd629b72cf7271bb7704b1</alternateIdentifier><title>Annual mean estimates of aboveground net primary production (NPP) at 15 sites at Jornada Basin LTER, 1989-ongoing</title>
    <creator>
      <individualName>
        <givenName>Debra C</givenName>
        <surName>Peters</surName>
      </individualName>
      <organizationName>USDA-ARS Jornada Experimental Range</organizationName>
      <address>
        <deliveryPoint>P.O. Box 30003; MSC 3JER New Mexico State University</deliveryPoint>
        <city>Las Cruces</city>
        <administrativeArea>NM</administrativeArea>
        <postalCode>88003-8003</postalCode>
        <country>U.S.A.</country>
      </address>
      <userId directory="ORCID">0000-0002-5842-8099</userId>
    </creator>
    <creator>
      <individualName>
        <givenName>Laura F</givenName>
        <surName>Huenneke</surName>
      </individualName>
      <organizationName>New Mexico State University (Now at NAU)</organizationName>
      <userId directory="ORCID">0000-0002-2562-6822</userId>
    </creator>
    <metadataProvider>
      <organizationName>Jornada Basin LTER</organizationName>
      <positionName>Jornada Basin LTER program</positionName>
      <address>
        <deliveryPoint>P.O. Box 30003; MSC 3JER New Mexico State University</deliveryPoint>
        <city>Las Cruces</city>
        <administrativeArea>NM</administrativeArea>
        <postalCode>88003-8003</postalCode>
        <country>USA</country>
      </address>
      <electronicMailAddress>jornada.lter@nmsu.edu</electronicMailAddress>
      <onlineUrl>https://lter.jornada.nmsu.edu</onlineUrl>
      <userId directory="ROR">05976ta47</userId>
    </metadataProvider>
    <associatedParty>
      <individualName>
        <givenName>Jin</givenName>
        <surName>Yao</surName>
      </individualName>
      <organizationName>USDA-ARS Jornada Experimental Range</organizationName>
      <address>
        <deliveryPoint>P.O. Box 30003; MSC 3JER New Mexico State University</deliveryPoint>
        <city>Las Cruces</city>
        <administrativeArea>NM</administrativeArea>
        <postalCode>88003-8003</postalCode>
        <country>U.S.A.</country>
      </address>
      <role>data analyst</role>
    </associatedParty>
    <associatedParty>
      <individualName>
        <givenName>Heather</givenName>
        <surName>Savoy</surName>
      </individualName>
      <organizationName>USDA-ARS Jornada Experimental Range</organizationName>
      <address>
        <deliveryPoint>P.O. Box 30003; MSC 3JER New Mexico State University</deliveryPoint>
        <city>Las Cruces</city>
        <administrativeArea>NM</administrativeArea>
        <postalCode>88003-8003</postalCode>
        <country>U.S.A.</country>
      </address>
      <userId directory="ORCID">0000-0002-2032-4868</userId>
      <role>data analyst</role>
    </associatedParty>
    <associatedParty>
      <individualName>
        <givenName>Gregory E</givenName>
        <surName>Maurer</surName>
      </individualName>
      <organizationName>Jornada Basin LTER/New Mexico State University</organizationName>
      <address>
        <deliveryPoint>P.O. Box 30003; MSC 3JER New Mexico State University</deliveryPoint>
        <city>Las Cruces</city>
        <administrativeArea>NM</administrativeArea>
        <postalCode>88003-8003</postalCode>
        <country>U.S.A.</country>
      </address>
      <electronicMailAddress>gmaurer@nmsu.edu</electronicMailAddress>
      <userId directory="ORCID">https://orcid.org/0000-0002-3007-8058</userId>
      <role>data analyst</role>
    </associatedParty>
    <pubDate>2023-08-23</pubDate>
    <language>English</language>
    <abstract>
      <para>
    This package contains values of mean annual aboveground net primary
    production (NPP, in grams per square meter per year) at 15 NPP study
    sites on Jornada Experimental Range (JER) and Chihuahuan Desert
    Rangeland Research Center (CDRRC) lands. Sites were selected to
    represent the 5 major ecosystem types in the Chihuahuan Desert
    (upland grasslands, playa grasslands, mesquite-dominated shrublands,
    creosotebush-dominated shrublands, tarbush-dominated shrublands).
    For each ecosystem type, three sites were selected to represent the
    range in variability in production and plant diversity; thus the
    locations are not replicates. All sites are excluded from domestic
    grazing. Eleven sites are in non-grazed pastures, and at the other
    four sites 1 hectare areas around the observational plots were
    fenced in 1988. At all sites a grid of 49 (48 at one playa location)
    1m x 1m replicate quadrats was laid out when sampling began in 1989.
    In fall, winter, and spring periods aboveground biomass was
    calculated for each species and quadrat at each NPP site. These
    calculations rely on two data sources: 1) non-destructive horizontal
    cover and vertical height measurements of individual plants, or
    plant parts, within each quadrat, and 2) linear regression
    coefficients for each plant species derived from off-quadrat cover,
    height, and harvested biomass measurements. NPP is then calculated
    as the positive biomass increment between seasons. The annual totals
    in this dataset are derived by summing mean site NPP values for
    winter (October - February), spring (February - May), and fall (May
    - October) increments for a single calendar year. Data collection is
    ongoing with new annual NPP values calculated after the conclusion
    of each growing season.
  </para>
      <para>
        <emphasis>Attention:</emphasis>
      </para>
      <para> 1) Calculated values in this data
    package have changed over time as the methodology for estimating
    biomass has changed. If you are updating or adding to an earlier
    analysis of these data we recommend consulting with the dataset
    authors or a Jornada data manager. 2) Relating long-term NPP in this
    package with long-term precipitation is problematic given the
    importance of wet and dry periods and their effect on production in
    these ecosystems. 3) Data from 2013 and later are currently in
    provisional status and subject to change as we review the allometric
    equations used for estimating biomass. </para>
      <para>
        <emphasis>See Notes in the
    methods element for further details.</emphasis>
      </para>
      <para>
  </para>
    </abstract>
    <keywordSet>
      <keyword keywordType="theme">populations</keyword>
      <keyword keywordType="theme">primary production</keyword>
      <keywordThesaurus>LTER Core Research Areas</keywordThesaurus>
    </keywordSet>
    <keywordSet>
      <keyword keywordType="theme">aboveground production</keyword>
      <keyword keywordType="theme">deserts</keyword>
      <keyword keywordType="theme">net primary production</keyword>
      <keyword keywordType="theme">vegetation</keyword>
      <keywordThesaurus>LTER Controlled Vocabulary v1</keywordThesaurus>
    </keywordSet>
    <keywordSet>
      <keyword keywordType="theme">ongoing</keyword>
      <keywordThesaurus>Jornada Basin LTER dataset keywords</keywordThesaurus>
    </keywordSet>
    <keywordSet>
      <keyword keywordType="theme">NPP study</keyword>
      <keyword keywordType="theme">study 011</keyword>
      <keywordThesaurus>Jornada Basin project names</keywordThesaurus>
    </keywordSet>
    <keywordSet>
      <keyword keywordType="place">C-CALI</keyword>
      <keyword keywordType="place">C-GRAV</keyword>
      <keyword keywordType="place">C-SAND</keyword>
      <keyword keywordType="place">G-BASN</keyword>
      <keyword keywordType="place">G-IBPE</keyword>
      <keyword keywordType="place">G-SUMM</keyword>
      <keyword keywordType="place">M-NORT</keyword>
      <keyword keywordType="place">M-RABB</keyword>
      <keyword keywordType="place">M-WELL</keyword>
      <keyword keywordType="place">NPP locations</keyword>
      <keyword keywordType="place">P-COLL</keyword>
      <keyword keywordType="place">P-SMAL</keyword>
      <keyword keywordType="place">P-TOBO</keyword>
      <keyword keywordType="place">T-EAST</keyword>
      <keyword keywordType="place">T-TAYL</keyword>
      <keyword keywordType="place">T-WEST</keyword>
      <keywordThesaurus>Jornada Basin place names</keywordThesaurus>
    </keywordSet>
    <keywordSet>
      <keyword keywordType="theme">LTAR</keyword>
      <keywordThesaurus>USDA National Ag Library's Agricultural Thesaurus</keywordThesaurus>
    </keywordSet>
    <intellectualRights>
      <para>
  This information is released under the Creative Commons license - Attribution - CC BY 
  (https://creativecommons.org/licenses/by/4.0/). The consumer of these data ("Data User" 
  herein) is required to cite it appropriately in any publication that results from its 
  use. The Data User should realize that these data may be actively used by others for 
  ongoing research and that coordination may be necessary to prevent duplicate 
  publication. The Data User is urged to contact the authors of these data if any 
  questions about methodology or results occur. Where appropriate, the Data User is 
  encouraged to consider collaboration or co-authorship with the authors. The Data User 
  should realize that misinterpretation of data may occur if used out of context of the 
  original study. While substantial efforts are made to ensure the accuracy of data and 
  associated documentation, complete accuracy of data sets cannot be guaranteed. All data 
  are made available "as is." The Data User should be aware, however, that data are updated 
  periodically and it is the responsibility of the Data User to check for new versions of 
  the data. The data authors and the repository where these data were obtained shall not be 
  liable for damages resulting from any use or misinterpretation of the data. Thank you.
</para>
    </intellectualRights>
    <distribution>
      <online>
        <url function="information">https://jrn.lternet.edu</url>
      </online>
    </distribution>
    <distribution id="10.6073/pasta/70d2a2b922bd629b72cf7271bb7704b1" scope="system" system="https://pasta.edirepository.org"><online><url function="information">https://doi.org/10.6073/pasta/70d2a2b922bd629b72cf7271bb7704b1</url></online></distribution><coverage>
      <geographicCoverage>
        <geographicDescription>NPP study locations: There are 15 sites used in the NPP study, spanning 5 vegetation community types in the Jornada Basin. This bounding box includes all 15 sites. More precise geographic coordinates for this study may be requested from the JRN LTER Data Manager (jornada.data@nmsu.edu).</geographicDescription>
        <boundingCoordinates>
          <westBoundingCoordinate>-106.865000</westBoundingCoordinate>
          <eastBoundingCoordinate>-106.713000</eastBoundingCoordinate>
          <northBoundingCoordinate>32.669000</northBoundingCoordinate>
          <southBoundingCoordinate>32.488000</southBoundingCoordinate>
        </boundingCoordinates>
      </geographicCoverage>
      <temporalCoverage>
        <rangeOfDates>
          <beginDate>
            <calendarDate>1990-01-01</calendarDate>
          </beginDate>
          <endDate>
            <calendarDate>2022-12-31</calendarDate>
          </endDate>
        </rangeOfDates>
      </temporalCoverage>
    </coverage>
    <maintenance>
      <description>ongoing</description>
      <maintenanceUpdateFrequency>annually</maintenanceUpdateFrequency>
    </maintenance>
    <contact>
      <organizationName>Jornada Basin LTER</organizationName>
      <positionName>Information Manager</positionName>
      <phone>575-322-2430</phone>
      <electronicMailAddress>jornada.data@nmsu.edu</electronicMailAddress>
      <onlineUrl>https://lter.jornada.nmsu.edu/information-management/</onlineUrl>
    </contact>
    
    <publisher><organizationName>Environmental Data Initiative</organizationName><electronicMailAddress>info@edirepository.org</electronicMailAddress><onlineUrl>https://edirepository.org</onlineUrl><userId directory="https://ror.org">0330j0z60</userId></publisher><pubPlace>Environmental Data Initiative</pubPlace><methods>
      <methodStep>
        <description>
          <section>
            <title>General study design</title>
            <para>
      There are 15 net primary production (NPP) monitoring sites located
      in 5 vegetation communities that represent the major vegetation
      types of the Jornada Basin. These vegetation zones and their
      associated NPP sites (3 per zone) are: 1) creosotebush scrub
      (CALI, GRAV, SAND), 2) tarbush flats (EAST, TAYL, WEST), 3)
      grassland (BASN, IBPE, SUMM), 4) mesquite dunes (NORT, RABB,
      WELL), and 5) playa (COLL, SMAL, TOBO). Grids of permanent 1
      square meter replicate quadrats have been established at each site
      for long-term monitoring of net primary production. Grids consist
      of 49 quadrats arranged in a square 7 x 7 pattern, with quadrats
      10 m apart. (Exception: P-COLL, the College Ranch playa, has 48
      quadrats arranged in a 3 x 16 pattern). NPP observations at these
      quadrats began in April 1989.
    </para>
          </section>
          <section>
            <title>Annual NPP estimation methods</title>
            <para>
      The objectives of the NPP study are to monitor spatial and
      temporal patterns of aboveground biomass across a range of
      ecosystem types; to allow the estimation of net primary production
      and its variability in those ecosystems; and to provide a
      quantitative description of plant community structure over time in
      those ecosystems. This data package contains mean annual values of
      NPP for all 15 sites in the study. Methods for estimating annual
      NPP, and changes to those methods and the data, are described
      below.
    </para>
            <para>
      The annual values in this dataset are derived from a detailed
      dataset containing calculated seasonal biomass values, by species,
      at all quadrats in the NPP study. To summarize the method used in
      this source dataset, biomass is estimated by applying
      species-specific allometric equations to non-destructive
      volumetric measurements of quadrat plant cover. The allometric
      equations are derived from harvests outside the NPP quadrat grids.
      The methods for calculating those biomass values, which were
      initially described by Huenneke et al (2001), and have been
      modified as summarized in Peters et al (2012). The biomass
      estimation method and accumulated changes to the method and data
      throughout this multi-decade study are well described and cited in
      the package metadata of the source dataset (see "Source data
      packages" below).
    </para>
            <para>
      The mean annual site NPP values in this dataset are calculated by:
      1) calculating the biomass increment since the prior season for
      each species, in each quadrat, 2) summing all positive species
      biomass increments by quadrat (seasonal quadrat NPP), 3)
      calculating mean biomass increment across all quadrats at a site
      (seasonal mean site NPP), 4) summing mean site NPP values for all
      3 seasons for each year (annual mean site NPP).
    </para>
            <para>
      Please refer to the Peters et al. (2012) and Peters et al. (2014)
      publications to evaluate the appropriateness of these data for
      your intended use.
    </para>
          </section>
          <section>
            <title>IMPORTANT NOTES</title>
            <para><emphasis>NOTE 1</emphasis>: Calculated values in this data
      package have changed over time as the methodology for deriving
      biomass has changed. Data through 2003 was replaced online per
      below on 9/22/2011. Analyses and results for ANPP differ from
      previous uses of the data from 1989-1998 (Huenneke et al., 2002)
      in three ways: (1) Yucca elata was removed prior to analysis
      because its growth form results in large errors in biomass
      estimates from year-to-year, (2) regressions between biomass and
      plant volume used an intercept equal to 0 to be consistent with a
      recent study in a similar system (Muldavin et al., 2008), and (3)
      reference harvests obtained in extreme years resulted in adjusted
      regression coefficients through time that reflect year-to-year
      variation in ANPP. These changes result in ANPP values that are
      smaller compared (Peters et al. 2012) with previous studies
      (Huenneke et al., 2002).
    </para>
            <para><emphasis>NOTE 2</emphasis>: See Peters et al. GCB 2012 for the
      relationships between ANPP and PPT in wet periods, and the
      inappropriate use of long-term ANPP vs long-term PPT.
    </para>
            <para><emphasis>NOTE 3</emphasis>: In 2022 we initiated a new effort to
      evaluate the allometric equations used to estimate biomass from
      field volumetric measurements, which will potentially affect data
      in this and related datasets (such as knb-lter-jrn.210011001).
      Therefore, values since 2012 are provisional and subject to some
      change as this evaluation proceeds. Please contact the JRN
      Information manager for further information.
    </para>
          </section>
          <section>
            <title>Source data packages</title>
            <para>
      NPP values in this dataset are calculated from one data source,
      which is assigned its own JRN package ID and is regularly
      maintained on EDI.
    </para>
            <para><emphasis>1.</emphasis> Estimated quadrat biomass by species and
      season at all NPP sites (EDI package knb-lter-jrn.210011001).
    </para>
          </section>
          <section>
            <title>References</title>
            <para>
      Huenneke, Laura F., Dennis Clason, and Esteban Muldavin.
      "Spatial heterogeneity in Chihuahuan Desert vegetation:
      implications for sampling methods in semi-arid ecosystems."
      Journal of Arid Environments 47, no. 3 (2001): 257-270.
    </para>
            <para>
      Huenneke, Laura F., John P. Anderson, Marta Remmenga, and William
      H. Schlesinger. "Desertification alters patterns of
      aboveground net primary production in Chihuahuan ecosystems."
      Global Change Biology 8, no. 3 (2002): 247-264.
    </para>
            <para>
      Muldavin, Esteban H., Douglas I. Moore, Scott L. Collins, Karen R.
      Wetherill, and David C. Lightfoot. "Aboveground net primary
      production dynamics in a northern Chihuahuan Desert
      ecosystem." Oecologia 155, no. 1 (2008): 123-132.
    </para>
            <para>
      Peters, Debra PC, Jin Yao, Osvaldo E. Sala, and John P. Anderson.
      "Directional climate change and potential reversal of
      desertification in arid and semiarid ecosystems." Global
      Change Biology 18, no. 1 (2012): 151-163.
    </para>
            <para>
      Peters, Debra PC, Jin Yao, Dawn Browning, and Albert
      Rango. "Mechanisms of grass response in grasslands and
      shrublands during dry or wet periods." Oecologia 174 (2014)
      1323-34.
    </para>
          </section>
        </description>
      </methodStep>
    </methods>
    <project>
      <title>Jornada Basin LTER</title>
      <personnel>
        <individualName>
          <salutation>Dr.</salutation>
          <givenName>Niall</givenName>
          <surName>Hanan</surName>
        </individualName>
        <address>
          <deliveryPoint>P.O. Box 30003, MSC 3JER</deliveryPoint>
          <deliveryPoint>New Mexico State University</deliveryPoint>
          <city>Las Cruces</city>
          <administrativeArea>NM</administrativeArea>
          <postalCode>88003-8003</postalCode>
          <country>United States</country>
        </address>
        <phone phonetype="voice">575-646-3335</phone>
        <electronicMailAddress>nhanan@nmsu.edu</electronicMailAddress>
        <role>Principal Investigator</role>
      </personnel>
      <abstract>
        <para>The Jornada Basin Long-Term Ecological Research (LTER) program is part of a national network of long-term ecological research sites funded by the US National Science Foundation (NSF). The Jornada LTER program has been continuously funded since 1982 (Current NSF award: DEB-2025166) to develop general principles governing changes between grassland and shrubland ecosystems based on long-term data collected in the Chihuahuan Desert. We translate our findings to dryland ecosystems around the world, and forecast the dynamics of future ecosystem states in response to changing climate and land use.</para>
      </abstract>
      <award>
        <funderName>National Science Foundation</funderName>
        <funderIdentifier>https://ror.org/05976ta47</funderIdentifier>
        <awardNumber>2025166</awardNumber>
        <title>LTER: Long –Term Research at the Jornada Basin (LTER VII)</title>
        <awardUrl>https://www.nsf.gov/awardsearch/showAward?AWD_ID=2025166</awardUrl>
      </award>
      <award>
        <funderName>National Science Foundation</funderName>
        <awardNumber>DEB 1832194</awardNumber>
        <title>Prior award: LTER: Long - Term Research at the Jornada Basin (LTER VII) </title>
      </award>
      <award>
        <funderName>National Science Foundation</funderName>
        <awardNumber>DEB 1235828</awardNumber>
        <title>Prior award: LTER: Long-Term Research at the Jornada Basin (LTER-VI)</title>
      </award>
      <award>
        <funderName>National Science Foundation</funderName>
        <awardNumber>DEB 0618210</awardNumber>
        <title>Prior award: Jornada Basin LTER V: Landscape Linkages in Arid and Semiarid Ecosystems</title>
      </award>
      <award>
        <funderName>National Science Foundation</funderName>
        <awardNumber>DEB 0080412</awardNumber>
        <title>Prior award: LTER IV: Jornada Basin: Linkages in Semi-arid Landscapes</title>
      </award>
      <award>
        <funderName>National Science Foundation</funderName>
        <awardNumber>DEB 9411971</awardNumber>
        <title>Prior award: LTER: The Chihuahuan Desert (The Jornada LTER III Consortium)</title>
      </award>
      <award>
        <funderName>National Science Foundation</funderName>
        <awardNumber>DEB 8811160, 9240261</awardNumber>
        <title>Prior award: Interactions in Time and Space Variability in a Chihuahuan Desert Ecosystem: Jornada LTER (II)</title>
      </award>
      <award>
        <funderName>National Science Foundation</funderName>
        <awardNumber>DEB 8114466, 8612106</awardNumber>
        <title>Prior award: Interactions of Time and Space Variability in a Chihuahuan Desert Ecosystem in New Mexico (Jornada LTER I)</title>
      </award>
    </project>
    <dataTable id="127124b0f04a1c71f34148e3d40a5c72" scope="document" system="https://pasta.edirepository.org">
      <entityName>Annual site NPP sums</entityName>
      <entityDescription>Annual NPP sums (grams per square meter) for 15 sites</entityDescription>
      <physical>
        <objectName>JRN011003_NPP_annual_site_summary.csv</objectName>
        <size unit="byte">8534</size>
        <authentication method="MD5">af92700aa60df32ec742305aace577d2</authentication>
        <dataFormat>
          <textFormat>
            <numHeaderLines>1</numHeaderLines>
            <numFooterLines>0</numFooterLines>
            <recordDelimiter>\n</recordDelimiter>
            <attributeOrientation>column</attributeOrientation>
            <simpleDelimited>
              <fieldDelimiter>,</fieldDelimiter>
              <quoteCharacter>"</quoteCharacter>
            </simpleDelimited>
          </textFormat>
        </dataFormat>
        <distribution>
          <online>
            <url function="download">https://pasta.lternet.edu/package/data/eml/knb-lter-jrn/210011003/106/127124b0f04a1c71f34148e3d40a5c72</url>
          </online>
        </distribution>
      </physical>
      <attributeList>
        <attribute id="d210011003-e1-att1">
          <attributeName>year</attributeName>
          <attributeLabel>Year</attributeLabel>
          <attributeDefinition>Year</attributeDefinition>
          <storageType>date</storageType>
          <measurementScale>
            <dateTime>
              <formatString>YYYY</formatString>
              <dateTimePrecision>1</dateTimePrecision>
              <dateTimeDomain/>
            </dateTime>
          </measurementScale>
        </attribute>
        <attribute id="d210011003-e1-att2">
          <attributeName>zone</attributeName>
          <attributeLabel>Vegetation zone</attributeLabel>
          <attributeDefinition>Jornada Basin vegetation zone</attributeDefinition>
          <storageType>string</storageType>
          <measurementScale>
            <nominal>
              <nonNumericDomain>
                <enumeratedDomain>
                  <codeDefinition>
                    <code>C</code>
                    <definition>Creosote shrubland vegetation type</definition>
                  </codeDefinition>
                  <codeDefinition>
                    <code>M</code>
                    <definition>Mesquite dune vegetation type</definition>
                  </codeDefinition>
                  <codeDefinition>
                    <code>G</code>
                    <definition>Grassland vegetation type</definition>
                  </codeDefinition>
                  <codeDefinition>
                    <code>P</code>
                    <definition>Playa vegetation type (grassland)</definition>
                  </codeDefinition>
                  <codeDefinition>
                    <code>T</code>
                    <definition>Tarbush vegetation type</definition>
                  </codeDefinition>
                </enumeratedDomain>
              </nonNumericDomain>
            </nominal>
          </measurementScale>
        </attribute>
        <attribute id="d210011003-e1-att3">
          <attributeName>site</attributeName>
          <attributeLabel>NPP Site</attributeLabel>
          <attributeDefinition>Name of Jornada NPP project site (one of 15)</attributeDefinition>
          <storageType>string</storageType>
          <measurementScale>
            <nominal>
              <nonNumericDomain>
                <enumeratedDomain>
                  <codeDefinition>
                    <code>SUMM</code>
                    <definition>Mt. Summerford site (grassland)</definition>
                  </codeDefinition>
                  <codeDefinition>
                    <code>EAST</code>
                    <definition>East of Jornada road tarbush site (tarbush)</definition>
                  </codeDefinition>
                  <codeDefinition>
                    <code>WEST</code>
                    <definition>West of Jornada road tarbush site (tarbush)</definition>
                  </codeDefinition>
                  <codeDefinition>
                    <code>SAND</code>
                    <definition>Sand site (creosote shrubland; formerly UPTR - upper trailer)</definition>
                  </codeDefinition>
                  <codeDefinition>
                    <code>CALI</code>
                    <definition>Caliche site (creosote shrubland)</definition>
                  </codeDefinition>
                  <codeDefinition>
                    <code>GRAV</code>
                    <definition>Gravel site (creosote shrubland)</definition>
                  </codeDefinition>
                  <codeDefinition>
                    <code>BASN</code>
                    <definition>Basin site (grassland at lower trailer)</definition>
                  </codeDefinition>
                  <codeDefinition>
                    <code>IBPE</code>
                    <definition>IBP Exclosure site (grassland)</definition>
                  </codeDefinition>
                  <codeDefinition>
                    <code>NORT</code>
                    <definition>North natural vegetation exclosure site (mesquite)</definition>
                  </codeDefinition>
                  <codeDefinition>
                    <code>RABB</code>
                    <definition>Rabbit rain gauge site (mesquite)</definition>
                  </codeDefinition>
                  <codeDefinition>
                    <code>WELL</code>
                    <definition>West well site (mesquite)</definition>
                  </codeDefinition>
                  <codeDefinition>
                    <code>COLL</code>
                    <definition>College Ranch site (playa)</definition>
                  </codeDefinition>
                  <codeDefinition>
                    <code>SMAL</code>
                    <definition>Small site (playa)</definition>
                  </codeDefinition>
                  <codeDefinition>
                    <code>TOBO</code>
                    <definition>Tobosa tank site (playa)</definition>
                  </codeDefinition>
                  <codeDefinition>
                    <code>TAYL</code>
                    <definition>Taylor well site (tarbush)</definition>
                  </codeDefinition>
                </enumeratedDomain>
              </nonNumericDomain>
            </nominal>
          </measurementScale>
        </attribute>
        <attribute id="d210011003-e1-att4">
          <attributeName>npp_g_m2</attributeName>
          <attributeLabel>Annual NPP</attributeLabel>
          <attributeDefinition>Net primary production (annual sum in grams per square meter)</attributeDefinition>
          <storageType>float</storageType>
          <measurementScale>
            <ratio>
              <unit>
                <standardUnit>gramPerMeterSquared</standardUnit>
              </unit>
              <numericDomain>
                <numberType>real</numberType>
              </numericDomain>
            </ratio>
          </measurementScale>
        </attribute>
      </attributeList>
      <numberOfRecords>495</numberOfRecords>
    </dataTable>
    <usageCitation>
      <bibtex>@article{huenneke_desertification_2002,
	title = {Desertification alters patterns of aboveground net primary production in {Chihuahuan} ecosystems},
	volume = {8},
	issn = {1365-2486},
	url = {https://onlinelibrary.wiley.com/doi/abs/10.1046/j.1365-2486.2002.00473.x},
	doi = {10.1046/j.1365-2486.2002.00473.x},
	language = {en},
	number = {3},
	urldate = {2019-08-23},
	journal = {Global Change Biology},
	author = {Huenneke, Laura F. and Anderson, John P. and Remmenga, Marta and Schlesinger, William H.},
	year = {2002},
	pages = {247--264},
}</bibtex>
    </usageCitation>
    <usageCitation>
      <bibtex>@article{2014_peters_MechanismsGrassResponse,
	title = {Mechanisms of grass response in grasslands and shrublands during dry or wet periods},
	volume = {174},
	url = {https://link.springer.com/article/10.1007%2Fs00442-013-2837-y},
	doi = {10.1007/s00442-013-2837-y},
	journal = {Oecologia},
	author = {Peters, Debra P. C. and Yao, Jin and Browning, Dawn and Rango, Albert},
	year = {2014},
	pages = {1323--1334},
}</bibtex>
    </usageCitation>
    <literatureCited>
      <citation>
        <bibtex>@article{2012_peters_DirectionalClimateChange,
  title = {Directional Climate Change and Potential Reversal of Desertification in Arid and Semiarid Ecosystems},
  author = {Peters, Debra P. C. and Yao, Jin and Sala, Osvaldo E. and Anderson, John P.},
  year = {2012},
  journal = {Global Change Biology},
  volume = {18},
  number = {1},
  pages = {151--163},
  doi = {10.1111/j.1365-2486.2011.02498.x},
  lccn = {01066},
  keywords = {article,Chihuahuan Desert,desertification,extreme events,grasslands,journal,JRN LTER funded,regime shift,shrublands,spatial context,wet-dry climatic periods}
}</bibtex>
      </citation>
      <citation>
        <bibtex>@article{2001_huenneke_SpatialHeterogeneityChihuahuan,
  title = {Spatial Heterogeneity in {{Chihuahuan Desert}} Vegetation: Implications for Sampling Methods in Semi-Arid Ecosystems},
  author = {Huenneke, Laura F. and Clason, Dennis and Muldavin, Esteban},
  year = {2001},
  journal = {Journal of Arid Environments},
  volume = {47},
  pages = {257--270},
  doi = {10.1006/jare.2000.0678},
  lccn = {00749},
  keywords = {aboveground NPP,article,Bouteloua,Bouteloua; net primary production,ecosystem,ecosystem; plant production,journal,JRN LTER funded,Larrea,Larrea; net primary production,net primary production,plant production,plants,plants; net primary production,Prosopis,Prosopis; net primary production,report,spatial heterogeneity,technique,technique; aboveground NPP}
}</bibtex>
      </citation>
      <citation>
        <bibtex>@article{muldavin_aboveground_2008,
	title = {Aboveground net primary production dynamics in a northern {Chihuahuan} {Desert} ecosystem},
	volume = {155},
	issn = {0029-8549, 1432-1939},
	url = {https://link.springer.com/article/10.1007/s00442-007-0880-2},
	doi = {10.1007/s00442-007-0880-2},
	language = {en},
	number = {1},
	urldate = {2017-03-20},
	journal = {Oecologia},
	author = {Muldavin, Esteban H. and Moore, Douglas I. and Collins, Scott L. and Wetherill, Karen R. and Lightfoot, David C.},
	month = feb,
	year = {2008},
	pages = {123--132},
}</bibtex>
      </citation>
    </literatureCited>
  </dataset>
  <additionalMetadata>
    <metadata>
      <unitList>
        <unit abbreviation="g/m²" id="gramPerMeterSquared" multiplierToSI="0.001" name="gramPerMeterSquared" parentSI="kilogramPerMeterSquared" unitType="arealMassDensity">
          <description>grams per square meter</description>
        </unit>
      </unitList>
    </metadata>
  </additionalMetadata>
</eml:eml>
