<?xml version="1.0"?>
<gmd:MD_Metadata xmlns:gmd="http://www.isotc211.org/2005/gmd" xmlns:xsi="http://www.w3.org/2001/XMLSchema-instance" xmlns:srv="http://www.isotc211.org/2005/srv" xmlns:gco="http://www.isotc211.org/2005/gco" xmlns:gts="http://www.isotc211.org/2005/gts" xmlns:gml="http://www.opengis.net/gml" xmlns:eml="https://eml.ecoinformatics.org/eml-2.2.0" xmlns:gmx="http://www.isotc211.org/2005/gmx" xmlns:xlink="http://www.w3.org/1999/xlink" xsi:schemaLocation="http://www.isotc211.org/2005/gmd http://schemas.opengis.net/iso/19139/20060504/gmd/gmd.xsd"><gmd:fileIdentifier><gco:CharacterString>knb-lter-jrn.200047001</gco:CharacterString></gmd:fileIdentifier><gmd:language><gco:CharacterString>eng</gco:CharacterString></gmd:language><gmd:characterSet><gmd:MD_CharacterSetCode codeList="https://www.ngdc.noaa.gov/metadata/published/xsd/schema/resources/Codelist/gmxCodelists.xml#gmd:MD_CharacterSetCode" codeListValue="utf8">utf8</gmd:MD_CharacterSetCode></gmd:characterSet><gmd:hierarchyLevel><gmd:MD_ScopeCode codeList="https://www.ngdc.noaa.gov/metadata/published/xsd/schema/resources/Codelist/gmxCodelists.xml#gmd:MD_ScopeCode" codeListValue="dataset">dataset</gmd:MD_ScopeCode></gmd:hierarchyLevel><gmd:contact><gmd:CI_ResponsibleParty><gmd:individualName gco:nilReason="missing"/><gmd:organisationName><gco:CharacterString>Jornada Basin LTER</gco:CharacterString></gmd:organisationName><gmd:positionName><gco:CharacterString>Jornada Basin LTER program</gco:CharacterString></gmd:positionName><gmd:contactInfo><gmd:CI_Contact><gmd:phone><gmd:CI_Telephone><gmd:voice gco:nilReason="missing"/></gmd:CI_Telephone></gmd:phone><gmd:address><gmd:CI_Address><gmd:deliveryPoint><gco:CharacterString>P.O. Box 30003; MSC 3JER New Mexico State University</gco:CharacterString></gmd:deliveryPoint><gmd:city><gco:CharacterString>Las Cruces</gco:CharacterString></gmd:city><gmd:administrativeArea><gco:CharacterString>NM</gco:CharacterString></gmd:administrativeArea><gmd:postalCode><gco:CharacterString>88003-8003</gco:CharacterString></gmd:postalCode><gmd:country><gco:CharacterString>USA</gco:CharacterString></gmd:country><gmd:electronicMailAddress><gco:CharacterString>jornada.lter@nmsu.edu</gco:CharacterString></gmd:electronicMailAddress></gmd:CI_Address></gmd:address><gmd:onlineResource><gmd:CI_OnlineResource><gmd:linkage gco:nilReason="missing"/></gmd:CI_OnlineResource></gmd:onlineResource><gmd:hoursOfService gco:nilReason="missing"/><gmd:contactInstructions gco:nilReason="missing"/></gmd:CI_Contact></gmd:contactInfo><gmd:role><gmd:CI_RoleCode codeList="https://www.ngdc.noaa.gov/metadata/published/xsd/schema/resources/Codelist/gmxCodelists.xml#gmd:CI_RoleCode" codeListValue="pointOfContact">pointOfContact</gmd:CI_RoleCode></gmd:role></gmd:CI_ResponsibleParty></gmd:contact><gmd:dateStamp><gco:DateTime>2024-04-03T12:47:05-04:00</gco:DateTime></gmd:dateStamp><gmd:metadataStandardName><gco:CharacterString>ISO 19115</gco:CharacterString></gmd:metadataStandardName><gmd:metadataStandardVersion><gco:CharacterString>2003</gco:CharacterString></gmd:metadataStandardVersion><gmd:identificationInfo><gmd:MD_DataIdentification><gmd:citation><gmd:CI_Citation><gmd:title><gco:CharacterString>Map of ecological sites and ecological states for the USDA Jornada Experimental Range</gco:CharacterString></gmd:title><gmd:alternateTitle><gco:CharacterString>Jornada state map</gco:CharacterString></gmd:alternateTitle><gmd:date><gmd:CI_Date><gmd:date><gco:Date>2023-02-03</gco:Date></gmd:date><gmd:dateType><gmd:CI_DateTypeCode codeList="https://www.ngdc.noaa.gov/metadata/published/xsd/schema/resources/Codelist/gmxCodelists.xml#gmd:CI_DateTypeCode" codeListValue="publication">publication</gmd:CI_DateTypeCode></gmd:dateType></gmd:CI_Date></gmd:date><gmd:identifier><gmd:MD_Identifier><gmd:authority><gmd:CI_Citation><gmd:title><gco:CharacterString>Dataset DOI</gco:CharacterString></gmd:title><gmd:date><gmd:CI_Date><gmd:date><gco:Date>2021-01-26</gco:Date></gmd:date><gmd:dateType><gmd:CI_DateTypeCode codeList="http://standards.iso.org/iso/19139/resources/gmxCodelists.xml#CI_DateTypeCode" codeListValue="publication"/></gmd:dateType></gmd:CI_Date></gmd:date></gmd:CI_Citation></gmd:authority><gmd:code><gco:CharacterString>10.6073/pasta/ad172f22b0abb8fad0998e34bca1b3b6</gco:CharacterString></gmd:code></gmd:MD_Identifier></gmd:identifier><gmd:citedResponsibleParty><gmd:CI_ResponsibleParty><gmd:individualName><gco:CharacterString>Laura M Burkett; orcid=0000-0002-6655-1863</gco:CharacterString></gmd:individualName><gmd:organisationName><gco:CharacterString>USDA-ARS Jornada Experimental Range</gco:CharacterString></gmd:organisationName><gmd:positionName gco:nilReason="missing"/><gmd:contactInfo><gmd:CI_Contact><gmd:phone><gmd:CI_Telephone><gmd:voice gco:nilReason="missing"/></gmd:CI_Telephone></gmd:phone><gmd:address><gmd:CI_Address><gmd:deliveryPoint><gco:CharacterString>P.O. Box 30003; MSC 3JER New Mexico State University</gco:CharacterString></gmd:deliveryPoint><gmd:city><gco:CharacterString>Las Cruces</gco:CharacterString></gmd:city><gmd:administrativeArea><gco:CharacterString>NM</gco:CharacterString></gmd:administrativeArea><gmd:postalCode><gco:CharacterString>88003-8003</gco:CharacterString></gmd:postalCode><gmd:country><gco:CharacterString>U.S.A.</gco:CharacterString></gmd:country><gmd:electronicMailAddress><gco:CharacterString>laura.burkett@usda.gov</gco:CharacterString></gmd:electronicMailAddress></gmd:CI_Address></gmd:address><gmd:onlineResource><gmd:CI_OnlineResource><gmd:linkage gco:nilReason="missing"/></gmd:CI_OnlineResource></gmd:onlineResource><gmd:hoursOfService gco:nilReason="missing"/><gmd:contactInstructions gco:nilReason="missing"/></gmd:CI_Contact></gmd:contactInfo><gmd:role><gmd:CI_RoleCode codeList="https://www.ngdc.noaa.gov/metadata/published/xsd/schema/resources/Codelist/gmxCodelists.xml#gmd:CI_RoleCode" codeListValue="originator">originator</gmd:CI_RoleCode></gmd:role></gmd:CI_ResponsibleParty></gmd:citedResponsibleParty><gmd:citedResponsibleParty><gmd:CI_ResponsibleParty><gmd:individualName><gco:CharacterString>Brandon T Bestelmeyer; orcid=0000-0001-5060-9955</gco:CharacterString></gmd:individualName><gmd:organisationName><gco:CharacterString>USDA-ARS Jornada Experimental Range</gco:CharacterString></gmd:organisationName><gmd:positionName gco:nilReason="missing"/><gmd:contactInfo><gmd:CI_Contact><gmd:phone><gmd:CI_Telephone><gmd:voice gco:nilReason="missing"/></gmd:CI_Telephone></gmd:phone><gmd:address><gmd:CI_Address><gmd:deliveryPoint><gco:CharacterString>P.O. Box 30003; MSC 3JER New Mexico State University</gco:CharacterString></gmd:deliveryPoint><gmd:city><gco:CharacterString>Las Cruces</gco:CharacterString></gmd:city><gmd:administrativeArea><gco:CharacterString>NM</gco:CharacterString></gmd:administrativeArea><gmd:postalCode><gco:CharacterString>88003-8003</gco:CharacterString></gmd:postalCode><gmd:country><gco:CharacterString>U.S.A.</gco:CharacterString></gmd:country><gmd:electronicMailAddress><gco:CharacterString>brandon.bestelmeyer@usda.gov</gco:CharacterString></gmd:electronicMailAddress></gmd:CI_Address></gmd:address><gmd:onlineResource><gmd:CI_OnlineResource><gmd:linkage gco:nilReason="missing"/></gmd:CI_OnlineResource></gmd:onlineResource><gmd:hoursOfService gco:nilReason="missing"/><gmd:contactInstructions gco:nilReason="missing"/></gmd:CI_Contact></gmd:contactInfo><gmd:role><gmd:CI_RoleCode codeList="https://www.ngdc.noaa.gov/metadata/published/xsd/schema/resources/Codelist/gmxCodelists.xml#gmd:CI_RoleCode" codeListValue="originator">originator</gmd:CI_RoleCode></gmd:role></gmd:CI_ResponsibleParty></gmd:citedResponsibleParty><gmd:citedResponsibleParty><gmd:CI_ResponsibleParty><gmd:organisationName><gco:CharacterString>Environmental Data Initiative (EDI)</gco:CharacterString></gmd:organisationName><gmd:contactInfo><gmd:CI_Contact><gmd:onlineResource><gmd:CI_OnlineResource><gmd:linkage><gmd:URL>https://portal.edirepository.org/nis</gmd:URL></gmd:linkage><gmd:protocol><gco:CharacterString>HTTP</gco:CharacterString></gmd:protocol><gmd:applicationProfile><gco:CharacterString>Web Browser</gco:CharacterString></gmd:applicationProfile><gmd:name><gco:CharacterString>Environmental Data Initiative (EDI)</gco:CharacterString></gmd:name><gmd:description><gco:CharacterString>The EDI Data Portal contains environmental and ecological data packages contributed by a number of participating organizations. Data providers make every effort to release data in a timely fashion and with attention to accurate, well-designed and well-documented data. To understand data fully, please read the associated metadata and contact data providers if you have any questions. Data may be used in a manner conforming with the license information found in the &#x201C;Intellectual Rights&#x201D; section of the data package metadata or defaults to the EDI Data Policy. The Environmental Data Initiative shall not be liable for any damages resulting from misinterpretation or misuse of the data or metadata.</gco:CharacterString></gmd:description><gmd:function><gmd:CI_OnLineFunctionCode codeList="http://standards.iso.org/ittf/PubliclyAvailableStandards/ISO_19139_Schemas/resources/codelist/gmxCodelists.xml#CI_OnLineFunctionCode" codeListValue="information">information</gmd:CI_OnLineFunctionCode></gmd:function></gmd:CI_OnlineResource></gmd:onlineResource></gmd:CI_Contact></gmd:contactInfo><gmd:role><gmd:CI_RoleCode codeList="http://standards.iso.org/ittf/PubliclyAvailableStandards/ISO_19139_Schemas/resources/codelist/gmxCodelists.xml#CI_RoleCode" codeListValue="publisher">Publisher</gmd:CI_RoleCode></gmd:role></gmd:CI_ResponsibleParty></gmd:citedResponsibleParty></gmd:CI_Citation></gmd:citation><gmd:abstract><gco:CharacterString>This data package includes an ArcMap geodatabase: a polygon feature class, associated attribute table and metadata. The spatial data, JERStateMap_v1.gdb.zip, represents the ecological sites and states on the Jornada Experimental Range. The attribute table for the spatial data, JERStateMap.csv, and a summary of the spatial metadata, JERStateMapMetadata.pdf, are also included.</gco:CharacterString></gmd:abstract><gmd:purpose gco:nilReason="missing"/><gmd:pointOfContact><gmd:CI_ResponsibleParty><gmd:individualName><gco:CharacterString/></gmd:individualName><gmd:organisationName><gco:CharacterString>Data Manager</gco:CharacterString></gmd:organisationName><gmd:positionName gco:nilReason="missing"/><gmd:contactInfo><gmd:CI_Contact><gmd:phone><gmd:CI_Telephone><gmd:voice gco:nilReason="missing"/></gmd:CI_Telephone></gmd:phone><gmd:address><gmd:CI_Address><gmd:city gco:nilReason="missing"/><gmd:administrativeArea gco:nilReason="missing"/><gmd:postalCode gco:nilReason="missing"/><gmd:country gco:nilReason="missing"/><gmd:electronicMailAddress><gco:CharacterString>jornada.data@nmsu.edu</gco:CharacterString></gmd:electronicMailAddress></gmd:CI_Address></gmd:address><gmd:onlineResource><gmd:CI_OnlineResource><gmd:linkage gco:nilReason="missing"/></gmd:CI_OnlineResource></gmd:onlineResource><gmd:hoursOfService gco:nilReason="missing"/><gmd:contactInstructions gco:nilReason="missing"/></gmd:CI_Contact></gmd:contactInfo><gmd:role><gmd:CI_RoleCode codeList="https://www.ngdc.noaa.gov/metadata/published/xsd/schema/resources/Codelist/gmxCodelists.xml#gmd:CI_RoleCode" codeListValue="pointOfContact">pointOfContact</gmd:CI_RoleCode></gmd:role></gmd:CI_ResponsibleParty></gmd:pointOfContact><gmd:resourceMaintenance test="dataset/maintenance/maintenanceUpdateFrequency"><gmd:MD_MaintenanceInformation><gmd:maintenanceAndUpdateFrequency><gmd:MD_MaintenanceFrequencyCode codeList="http://standards.iso.org/iso/19139/resources/gmxCodelists.xml#MD_MaintenanceFrequencyCode" codeListValue="notPlanned"/></gmd:maintenanceAndUpdateFrequency></gmd:MD_MaintenanceInformation></gmd:resourceMaintenance><gmd:descriptiveKeywords><gmd:MD_Keywords><gmd:keyword><gco:CharacterString>plant communities</gco:CharacterString></gmd:keyword><gmd:keyword><gco:CharacterString>vegetation dynamics</gco:CharacterString></gmd:keyword><gmd:thesaurusName><gmd:CI_Citation xmlns:geonet="http://www.fao.org/geonetwork"><gmd:title><gco:CharacterString>Keyword Thesaurus Title</gco:CharacterString></gmd:title></gmd:CI_Citation></gmd:thesaurusName></gmd:MD_Keywords></gmd:descriptiveKeywords><gmd:descriptiveKeywords>
    <gmd:MD_Keywords>
        
        <gmd:keyword>
                        <gco:CharacterString>USDA-ARS, 3050-11210-009-00D</gco:CharacterString>
                    </gmd:keyword><gmd:type>
            <gmd:MD_KeywordTypeCode codeList="http://standards.iso.org/iso/19139/resources/gmxCodelists.xml#MD_KeywordTypeCode" codeListValue="theme"/>
        </gmd:type>
        <gmd:thesaurusName>
            <gmd:CI_Citation>
                <gmd:title>
                    <gco:CharacterString>Crossref Funding</gco:CharacterString>
                </gmd:title>
                <gmd:alternateTitle>
                    <gco:CharacterString>Crossref Open Funder Registry</gco:CharacterString>
                </gmd:alternateTitle>
                <gmd:date>
                    <gmd:CI_Date>
                        <gmd:date>
                            <gco:Date>2016-08-11</gco:Date>
                        </gmd:date>
                        <gmd:dateType>
                            <gmd:CI_DateTypeCode codeList="http://standards.iso.org/iso/19139/resources/gmxCodelists.xml#CI_DateTypeCode" codeListValue="revision">revision</gmd:CI_DateTypeCode>
                        </gmd:dateType>
                    </gmd:CI_Date>
                </gmd:date>
                <gmd:edition>
                    <gco:CharacterString>1.2</gco:CharacterString>
                </gmd:edition>
                <gmd:citedResponsibleParty>
                    <gmd:CI_ResponsibleParty uuid="814c1d4e-330a-4755-9f61-45cc24af2a8c">
                        <gmd:organisationName>
                            <gco:CharacterString>crossref.org</gco:CharacterString>
                        </gmd:organisationName>
                        <gmd:contactInfo>
                            <gmd:CI_Contact>
                                <gmd:onlineResource>
                                    <gmd:CI_OnlineResource>
                                        <gmd:linkage>
                                            <gmd:URL>https://www.crossref.org/services/funder-registry/</gmd:URL>
                                        </gmd:linkage>
                                        <gmd:protocol>
                                            <gco:CharacterString>HTTP</gco:CharacterString>
                                        </gmd:protocol>
                                        <gmd:applicationProfile>
                                            <gco:CharacterString>Web Browser</gco:CharacterString>
                                        </gmd:applicationProfile>
                                        <gmd:name>
                                            <gco:CharacterString>Open Funder Registry</gco:CharacterString>
                                        </gmd:name>
                                        <gmd:description>
                                            <gco:CharacterString>Funding data provides a standard way to report funding sources for published scholarly research. Publishers deposit funding information from articles and other content using a standard taxonomy of funder names.</gco:CharacterString>
                                        </gmd:description>
                                        <gmd:function>
                                            <gmd:CI_OnLineFunctionCode codeList="http://standards.iso.org/ittf/PubliclyAvailableStandards/ISO_19139_Schemas/resources/codelist/gmxCodelists.xml#CI_OnLineFunctionCode" codeListValue="information">information</gmd:CI_OnLineFunctionCode>
                                        </gmd:function>
                                    </gmd:CI_OnlineResource>
                                </gmd:onlineResource>
                            </gmd:CI_Contact>
                        </gmd:contactInfo>
                        <gmd:role>
                            <gmd:CI_RoleCode codeList="http://standards.iso.org/ittf/PubliclyAvailableStandards/ISO_19139_Schemas/resources/codelist/gmxCodelists.xml#CI_RoleCode" codeListValue="resourceProvider">Resource Provider</gmd:CI_RoleCode>
                        </gmd:role>
                    </gmd:CI_ResponsibleParty>
                </gmd:citedResponsibleParty>
                <gmd:otherCitationDetails>
                    <gco:CharacterString>A common taxonomy of over 11,000 funding body names that funding data initiative participants should use to normalize Funder Names and IDs.</gco:CharacterString>
                </gmd:otherCitationDetails>
            </gmd:CI_Citation>
        </gmd:thesaurusName>
    </gmd:MD_Keywords>
</gmd:descriptiveKeywords><gmd:descriptiveKeywords><gmd:MD_Keywords><gmd:keyword><gco:CharacterString>Jornada Experimental Range</gco:CharacterString></gmd:keyword><gmd:keyword><gco:CharacterString>SSURGO soil map unit</gco:CharacterString></gmd:keyword><gmd:keyword><gco:CharacterString>ecological site</gco:CharacterString></gmd:keyword><gmd:keyword><gco:CharacterString>ecological state</gco:CharacterString></gmd:keyword><gmd:keyword><gco:CharacterString>state mapping</gco:CharacterString></gmd:keyword><gmd:keyword><gco:CharacterString>state-and-transition model (STM)</gco:CharacterString></gmd:keyword><gmd:thesaurusName><gmd:CI_Citation xmlns:geonet="http://www.fao.org/geonetwork"><gmd:title><gco:CharacterString>Keyword Thesaurus Title</gco:CharacterString></gmd:title></gmd:CI_Citation></gmd:thesaurusName></gmd:MD_Keywords></gmd:descriptiveKeywords><gmd:descriptiveKeywords><gmd:MD_Keywords><gmd:keyword><gco:CharacterString>LTER</gco:CharacterString></gmd:keyword><gmd:thesaurusName><gmd:CI_Citation xmlns:geonet="http://www.fao.org/geonetwork"><gmd:title><gco:CharacterString>Keyword Thesaurus Title</gco:CharacterString></gmd:title></gmd:CI_Citation></gmd:thesaurusName></gmd:MD_Keywords></gmd:descriptiveKeywords><gmd:descriptiveKeywords><gmd:MD_Keywords><gmd:keyword><gco:CharacterString>LTAR</gco:CharacterString></gmd:keyword><gmd:keyword><gco:CharacterString>ecological site descriptions (ESD)</gco:CharacterString></gmd:keyword><gmd:keyword><gco:CharacterString>soil surveys</gco:CharacterString></gmd:keyword><gmd:keyword><gco:CharacterString>vegetation maps</gco:CharacterString></gmd:keyword><gmd:thesaurusName><gmd:CI_Citation xmlns:geonet="http://www.fao.org/geonetwork"><gmd:title><gco:CharacterString>Keyword Thesaurus Title</gco:CharacterString></gmd:title></gmd:CI_Citation></gmd:thesaurusName></gmd:MD_Keywords></gmd:descriptiveKeywords><gmd:descriptiveKeywords><gmd:MD_Keywords><gmd:keyword><gco:CharacterString>216</gco:CharacterString></gmd:keyword><gmd:keyword><gco:CharacterString>NSF &gt; LTER=Long-Term Ecological Research</gco:CharacterString></gmd:keyword><gmd:keyword><gco:CharacterString>USDA &gt; ARS &gt; Natural Resources and Sustainable Agricultural Systems National Program &gt; 216 Agricultural System Competitiveness and Sustainability</gco:CharacterString></gmd:keyword><gmd:type><gmd:MD_KeywordTypeCode codeListValue="theme" codeList="http://www.ngdc.noaa.gov/metadata/published/xsd/schema/resources/Codelist/gmxCodelists.xml#MD_KeywordTypeCode">theme</gmd:MD_KeywordTypeCode></gmd:type><gmd:thesaurusName><gmd:CI_Citation xmlns:geonet="http://www.fao.org/geonetwork"><gmd:title><gco:CharacterString>Keyword Thesaurus Title</gco:CharacterString></gmd:title></gmd:CI_Citation></gmd:thesaurusName></gmd:MD_Keywords></gmd:descriptiveKeywords><gmd:descriptiveKeywords><gmd:MD_Keywords><gmd:keyword><gco:CharacterString>Jornada Experimental Range: USDA Jornada Experimental Range  </gco:CharacterString></gmd:keyword><gmd:type><gmd:MD_KeywordTypeCode codeListValue="place" codeList="http://www.ngdc.noaa.gov/metadata/published/xsd/schema/resources/Codelist/gmxCodelists.xml#MD_KeywordTypeCode">place</gmd:MD_KeywordTypeCode></gmd:type><gmd:thesaurusName><gmd:CI_Citation xmlns:geonet="http://www.fao.org/geonetwork" uuid="36abb798-de40-4d75-ba45-864b43b2a49e"><gmd:title><gco:CharacterString>Geographical Coverage Location Description</gco:CharacterString></gmd:title><gmd:alternateTitle><gco:CharacterString>Spatial Geographical Coverage Location</gco:CharacterString></gmd:alternateTitle><gmd:date gco:nilReason="unknown"/><gmd:edition gco:nilReason="unknown"/></gmd:CI_Citation></gmd:thesaurusName></gmd:MD_Keywords></gmd:descriptiveKeywords><gmd:descriptiveKeywords><gmd:MD_Keywords><gmd:keyword><gco:CharacterString xmlns:geonet="http://www.fao.org/geonetwork">Department of
									Agriculture=5 &gt; National Research=005:040</gco:CharacterString></gmd:keyword><gmd:type><gmd:MD_KeywordTypeCode codeList="http://standards.iso.org/iso/19139/resources/gmxCodelists.xml#MD_KeywordTypeCode" codeListValue="theme"/></gmd:type><gmd:thesaurusName><gmd:CI_Citation xmlns:geonet="http://www.fao.org/geonetwork" uuid="36abb798-de40-4d75-ba45-864b43b2a49e"><gmd:title><gco:CharacterString>Federal Program Inventory</gco:CharacterString></gmd:title><gmd:alternateTitle><gco:CharacterString>US Federal Program Codes</gco:CharacterString></gmd:alternateTitle><gmd:date><gmd:CI_Date><gmd:date><gco:Date>2013-09-16</gco:Date></gmd:date><gmd:dateType><gmd:CI_DateTypeCode codeList="http://standards.iso.org/iso/19139/resources/gmxCodelists.xml#CI_DateTypeCode" codeListValue="revision"/></gmd:dateType></gmd:CI_Date></gmd:date><gmd:edition><gco:CharacterString>Fiscal Year 2013</gco:CharacterString></gmd:edition><gmd:citedResponsibleParty><gmd:CI_ResponsibleParty uuid="f1cc15d4-efc7-43d0-97d7-c619a824bfd0"><gmd:organisationName><gco:CharacterString>Office of Management and
													Budget</gco:CharacterString></gmd:organisationName><gmd:contactInfo><gmd:CI_Contact><gmd:onlineResource><gmd:CI_OnlineResource><gmd:linkage><gmd:URL>https://www.whitehouse.gov/omb</gmd:URL></gmd:linkage><gmd:protocol><gco:CharacterString>HTTP</gco:CharacterString></gmd:protocol><gmd:applicationProfile><gco:CharacterString>Web Browser</gco:CharacterString></gmd:applicationProfile><gmd:name><gco:CharacterString>Office of Management and
																	Budget</gco:CharacterString></gmd:name><gmd:description><gco:CharacterString>The Office of Management and Budget
																	(OMB) serves the President of the United States in
																	overseeing the implementation of his vision across
																	the Executive Branch. Specifically, OMB&#x2019;s mission is
																	to assist the President in meeting his policy,
																	budget, management and regulatory objectives and to
																	fulfill the agency&#x2019;s statutory
																	responsibilities.</gco:CharacterString></gmd:description><gmd:function><gmd:CI_OnLineFunctionCode codeList="http://standards.iso.org/iso/19139/resources/gmxCodelists.xml#CI_OnLineFunctionCode" codeListValue="information"/></gmd:function></gmd:CI_OnlineResource></gmd:onlineResource></gmd:CI_Contact></gmd:contactInfo><gmd:role><gmd:CI_RoleCode codeList="http://standards.iso.org/iso/19139/resources/gmxCodelists.xml#CI_RoleCode" codeListValue="originator "/></gmd:role></gmd:CI_ResponsibleParty></gmd:citedResponsibleParty><gmd:otherCitationDetails><gco:CharacterString>Office of Management and budget. File
											FederalProgramInventory_FY13_MachineReadable_091613.xls, current loation
											unknown.</gco:CharacterString></gmd:otherCitationDetails></gmd:CI_Citation></gmd:thesaurusName></gmd:MD_Keywords></gmd:descriptiveKeywords><gmd:descriptiveKeywords><gmd:MD_Keywords><gmd:keyword><gco:CharacterString>Creative Commons Attribution</gco:CharacterString></gmd:keyword><gmd:type><gmd:MD_KeywordTypeCode codeListValue="theme" codeList="http://www.ngdc.noaa.gov/metadata/published/xsd/schema/resources/Codelist/gmxCodelists.xml#MD_KeywordTypeCode">theme</gmd:MD_KeywordTypeCode></gmd:type><gmd:thesaurusName><gmd:CI_Citation><gmd:title><gco:CharacterString>Ag Data Commons Data License Type</gco:CharacterString></gmd:title><gmd:alternateTitle><gco:CharacterString>USDA National Agricultural Library Ag Data Commons Data License Type</gco:CharacterString></gmd:alternateTitle><gmd:date><gmd:CI_Date><gmd:date><gco:Date>2016</gco:Date></gmd:date><gmd:dateType><gmd:CI_DateTypeCode codeList="http://standards.iso.org/iso/19139/resources/gmxCodelists.xml#CI_DateTypeCode" codeListValue="publication"/></gmd:dateType></gmd:CI_Date></gmd:date><gmd:edition gco:nilReason="missing"><gco:CharacterString/></gmd:edition><gmd:citedResponsibleParty><gmd:CI_ResponsibleParty uuid="b5d99c43-4f69-444b-8bf2-185e1672110f"><gmd:individualName><gco:CharacterString>Erin Antognoli</gco:CharacterString></gmd:individualName><gmd:organisationName><gco:CharacterString>USDA National Agricultural Library</gco:CharacterString></gmd:organisationName><gmd:positionName><gco:CharacterString>* Ag Data Commons Metadata Librarian</gco:CharacterString></gmd:positionName><gmd:contactInfo><gmd:CI_Contact uuid="4c0071d9-d58f-4f59-b398-a0a6a50d1228"><gmd:phone><gmd:CI_Telephone><gmd:voice gco:nilReason="missing"><gco:CharacterString/></gmd:voice><gmd:facsimile gco:nilReason="missing"><gco:CharacterString/></gmd:facsimile></gmd:CI_Telephone></gmd:phone><gmd:address><gmd:CI_Address><gmd:deliveryPoint><gco:CharacterString>10301 Baltimore Ave</gco:CharacterString></gmd:deliveryPoint><gmd:city><gco:CharacterString>Beltsville</gco:CharacterString></gmd:city><gmd:administrativeArea><gco:CharacterString>MD</gco:CharacterString></gmd:administrativeArea><gmd:postalCode><gco:CharacterString>20705</gco:CharacterString></gmd:postalCode><gmd:country><gco:CharacterString>United States of America</gco:CharacterString></gmd:country><gmd:electronicMailAddress><gco:CharacterString>nal-adc-curator@ars.usda.gov</gco:CharacterString></gmd:electronicMailAddress></gmd:CI_Address></gmd:address><gmd:onlineResource><gmd:CI_OnlineResource uuid="95889d18-443b-4683-9c18-f95ae6b21e06"><gmd:linkage><gmd:URL>https://nal.usda.gov</gmd:URL></gmd:linkage><gmd:protocol><gco:CharacterString>HTTP</gco:CharacterString></gmd:protocol><gmd:applicationProfile><gco:CharacterString>Web Browser</gco:CharacterString></gmd:applicationProfile><gmd:name><gco:CharacterString>USDA National Agricultural Library</gco:CharacterString></gmd:name><gmd:description><gco:CharacterString>The National Agricultural Library is one of the national libraries of the United States and houses one of the world's largest collections devoted to agriculture and its related sciences.</gco:CharacterString></gmd:description><gmd:function><gmd:CI_OnLineFunctionCode codeList="http://standards.iso.org/iso/19139/resources/gmxCodelists.xml#CI_OnLineFunctionCode" codeListValue="information"/></gmd:function></gmd:CI_OnlineResource></gmd:onlineResource><gmd:contactInstructions><gco:CharacterString>Ag Data Commons Metadata Contact</gco:CharacterString></gmd:contactInstructions></gmd:CI_Contact></gmd:contactInfo><gmd:role><gmd:CI_RoleCode codeListValue="pointOfContact" codeList="http://standards.iso.org/iso/19139/resources/gmxCodelists.xml#CI_RoleCode"/></gmd:role></gmd:CI_ResponsibleParty></gmd:citedResponsibleParty><gmd:otherCitationDetails><gco:CharacterString>Creative Commons and other licenses recognized by Ag Data Commons</gco:CharacterString></gmd:otherCitationDetails></gmd:CI_Citation></gmd:thesaurusName></gmd:MD_Keywords></gmd:descriptiveKeywords><gmd:descriptiveKeywords><gmd:MD_Keywords><gmd:keyword><gco:CharacterString>Department of Agriculture=5 &gt; Agricultural Research Service=005:018</gco:CharacterString></gmd:keyword><gmd:type><gmd:MD_KeywordTypeCode codeList="http://standards.iso.org/iso/19139/resources/gmxCodelists.xml#MD_KeywordTypeCode" codeListValue="theme"/></gmd:type><gmd:thesaurusName><gmd:CI_Citation xmlns:geonet="http://www.fao.org/geonetwork" uuid="6ba5a0f5-d960-4e34-9cc9-80e5217961a7"><gmd:title><gco:CharacterString>OMB Bureau Codes</gco:CharacterString></gmd:title><gmd:alternateTitle><gco:CharacterString>Office of Management and Budget Bureau Codes</gco:CharacterString></gmd:alternateTitle><gmd:date><gmd:CI_Date><gmd:date><gco:Date>2016</gco:Date></gmd:date><gmd:dateType><gmd:CI_DateTypeCode codeList="http://standards.iso.org/iso/19139/resources/gmxCodelists.xml#CI_DateTypeCode" codeListValue="revision"/></gmd:dateType></gmd:CI_Date></gmd:date><gmd:edition><gco:CharacterString>2016</gco:CharacterString></gmd:edition><gmd:citedResponsibleParty><gmd:CI_ResponsibleParty uuid="2c1e8dfb-0975-4db8-9741-0e2b124dd64a"><gmd:organisationName><gco:CharacterString>OMB Bureau Codes</gco:CharacterString></gmd:organisationName><gmd:contactInfo><gmd:CI_Contact><gmd:onlineResource><gmd:CI_OnlineResource><gmd:linkage><gmd:URL>https://obamawhitehouse.archives.gov/sites/default/files/omb/assets/a11_current_year/app_c.pdf</gmd:URL></gmd:linkage><gmd:protocol><gco:CharacterString>HTTP</gco:CharacterString></gmd:protocol><gmd:applicationProfile><gco:CharacterString>Web Browser</gco:CharacterString></gmd:applicationProfile><gmd:name><gco:CharacterString>APPENDIX C&#x2014;LISTING OF OMB AGENCY/BUREAU AND TREASURY CODES</gco:CharacterString></gmd:name><gmd:description><gco:CharacterString>In the MAX system, OMB assigns and uses agency and bureau codes, which are associated with agency and bureau titles that are published in the Budget.PDF file.</gco:CharacterString></gmd:description><gmd:function><gmd:CI_OnLineFunctionCode codeList="http://standards.iso.org/iso/19139/resources/gmxCodelists.xml#CI_OnLineFunctionCode" codeListValue="information"/></gmd:function></gmd:CI_OnlineResource></gmd:onlineResource></gmd:CI_Contact></gmd:contactInfo><gmd:role><gmd:CI_RoleCode codeList="http://standards.iso.org/iso/19139/resources/gmxCodelists.xml#CI_RoleCode" codeListValue="resourceProvider"/></gmd:role></gmd:CI_ResponsibleParty></gmd:citedResponsibleParty><gmd:otherCitationDetails><gco:CharacterString>Complete list of bureau codes</gco:CharacterString></gmd:otherCitationDetails></gmd:CI_Citation></gmd:thesaurusName></gmd:MD_Keywords></gmd:descriptiveKeywords><gmd:descriptiveKeywords><gmd:MD_Keywords><gmd:keyword><gco:CharacterString>Jornada Basin</gco:CharacterString></gmd:keyword><gmd:type><gmd:MD_KeywordTypeCode codeList="http://standards.iso.org/iso/19139/resources/gmxCodelists.xml#MD_KeywordTypeCode" codeListValue="place"/></gmd:type></gmd:MD_Keywords></gmd:descriptiveKeywords><gmd:descriptiveKeywords><gmd:MD_Keywords><gmd:keyword><gco:CharacterString>United States Department of Agriculture &gt; Agricultural Research Service &gt; Long-Term Agroecosystem Research &gt; Jornada Experimental Range</gco:CharacterString></gmd:keyword><gmd:keyword><gco:CharacterString>USDA &gt; ARS &gt; Natural Resources and Sustainable Agricultural Systems National Program &gt; 216 Agricultural System Competitiveness and Sustainability</gco:CharacterString></gmd:keyword><gmd:type><gmd:MD_KeywordTypeCode codeList="http://standards.iso.org/iso/19139/resources/gmxCodelists.xml#MD_KeywordTypeCode" codeListValue="theme"/></gmd:type><gmd:thesaurusName><gmd:CI_Citation xmlns:geonet="http://www.fao.org/geonetwork" uuid="dea454ff-f5ca-441e-9f4e-3647c1a1725f"><gmd:title><gco:CharacterString>Data Source Affiliation</gco:CharacterString></gmd:title><gmd:alternateTitle><gco:CharacterString>USDA NAL Data Source Affiliation</gco:CharacterString></gmd:alternateTitle><gmd:date><gmd:CI_Date><gmd:date><gco:Date>2017</gco:Date></gmd:date><gmd:dateType><gmd:CI_DateTypeCode codeList="http://standards.iso.org/iso/19139/resources/gmxCodelists.xml#CI_DateTypeCode" codeListValue="publication"/></gmd:dateType></gmd:CI_Date></gmd:date><gmd:edition gco:nilReason="missing"><gco:CharacterString/></gmd:edition><gmd:citedResponsibleParty><gmd:CI_ResponsibleParty uuid="b5d99c43-4f69-444b-8bf2-185e1672110f"><gmd:individualName><gco:CharacterString>Erin Antognoli</gco:CharacterString></gmd:individualName><gmd:organisationName><gco:CharacterString>USDA National Agricultural Library</gco:CharacterString></gmd:organisationName><gmd:positionName><gco:CharacterString>* Ag Data Commons Metadata Librarian</gco:CharacterString></gmd:positionName><gmd:contactInfo><gmd:CI_Contact uuid="4c0071d9-d58f-4f59-b398-a0a6a50d1228"><gmd:phone><gmd:CI_Telephone><gmd:voice gco:nilReason="missing"><gco:CharacterString/></gmd:voice><gmd:facsimile gco:nilReason="missing"><gco:CharacterString/></gmd:facsimile></gmd:CI_Telephone></gmd:phone><gmd:address><gmd:CI_Address><gmd:deliveryPoint><gco:CharacterString>10301 Baltimore Ave</gco:CharacterString></gmd:deliveryPoint><gmd:city><gco:CharacterString>Beltsville</gco:CharacterString></gmd:city><gmd:administrativeArea><gco:CharacterString>MD</gco:CharacterString></gmd:administrativeArea><gmd:postalCode><gco:CharacterString>20705</gco:CharacterString></gmd:postalCode><gmd:country><gco:CharacterString>United States of America</gco:CharacterString></gmd:country><gmd:electronicMailAddress><gco:CharacterString>nal-adc-curator@ars.usda.gov</gco:CharacterString></gmd:electronicMailAddress></gmd:CI_Address></gmd:address><gmd:onlineResource><gmd:CI_OnlineResource uuid="95889d18-443b-4683-9c18-f95ae6b21e06"><gmd:linkage><gmd:URL>https://nal.usda.gov</gmd:URL></gmd:linkage><gmd:protocol><gco:CharacterString>HTTP</gco:CharacterString></gmd:protocol><gmd:applicationProfile><gco:CharacterString>Web Browser</gco:CharacterString></gmd:applicationProfile><gmd:name><gco:CharacterString>USDA National Agricultural Library</gco:CharacterString></gmd:name><gmd:description><gco:CharacterString>The National Agricultural Library is one of the national libraries of the United States and houses one of the world's largest collections devoted to agriculture and its related sciences.</gco:CharacterString></gmd:description><gmd:function><gmd:CI_OnLineFunctionCode codeList="http://standards.iso.org/iso/19139/resources/gmxCodelists.xml#CI_OnLineFunctionCode" codeListValue="information"/></gmd:function></gmd:CI_OnlineResource></gmd:onlineResource><gmd:contactInstructions><gco:CharacterString>Ag Data Commons Metadata Contact</gco:CharacterString></gmd:contactInstructions></gmd:CI_Contact></gmd:contactInfo><gmd:role><gmd:CI_RoleCode codeListValue="pointOfContact" codeList="http://standards.iso.org/iso/19139/resources/gmxCodelists.xml#CI_RoleCode"/></gmd:role></gmd:CI_ResponsibleParty></gmd:citedResponsibleParty><gmd:otherCitationDetails><gco:CharacterString>A controlled vocabulary to associate data and GIS layers with the data providers and affilated resarch networks.</gco:CharacterString></gmd:otherCitationDetails></gmd:CI_Citation></gmd:thesaurusName></gmd:MD_Keywords></gmd:descriptiveKeywords><gmd:descriptiveKeywords><gmd:MD_Keywords><gmd:keyword><gco:CharacterString>agroecosystems</gco:CharacterString></gmd:keyword><gmd:keyword><gco:CharacterString>rangelands</gco:CharacterString></gmd:keyword><gmd:keyword><gco:CharacterString>sustainable agricultural intensification</gco:CharacterString></gmd:keyword><gmd:type><gmd:MD_KeywordTypeCode codeList="http://standards.iso.org/iso/19139/resources/gmxCodelists.xml#MD_KeywordTypeCode" codeListValue="theme"/></gmd:type><gmd:thesaurusName><gmd:CI_Citation xmlns:geonet="http://www.fao.org/geonetwork" uuid="ecbf87b1-ca15-41b5-bfe0-6589a975770b"><gmd:title><gco:CharacterString>National Agricultural Library Thesaurus (NALT)</gco:CharacterString></gmd:title><gmd:date><gmd:CI_Date><gmd:date><gco:Date>2015</gco:Date></gmd:date><gmd:dateType><gmd:CI_DateTypeCode codeList="http://standards.iso.org/iso/19139/resources/gmxCodelists.xml#CI_DateTypeCode" codeListValue="publication"/></gmd:dateType></gmd:CI_Date></gmd:date><gmd:edition><gco:CharacterString>2015 Edition</gco:CharacterString></gmd:edition><gmd:citedResponsibleParty><gmd:CI_ResponsibleParty uuid="4d172771-89ca-4561-8233-db638076a892"><gmd:organisationName><gco:CharacterString>National Agricultural Library Thesaurus (NALT)</gco:CharacterString></gmd:organisationName><gmd:positionName><gco:CharacterString>* Agricultural Reference</gco:CharacterString></gmd:positionName><gmd:contactInfo><gmd:CI_Contact><gmd:address><gmd:CI_Address><gmd:deliveryPoint><gco:CharacterString>10301 Baltimore Ave</gco:CharacterString></gmd:deliveryPoint><gmd:city><gco:CharacterString>Beltsville, MD</gco:CharacterString></gmd:city><gmd:postalCode><gco:CharacterString>20705</gco:CharacterString></gmd:postalCode><gmd:country><gco:CharacterString>United States of America</gco:CharacterString></gmd:country><gmd:electronicMailAddress><gco:CharacterString>agref@ars.usda.gov</gco:CharacterString></gmd:electronicMailAddress></gmd:CI_Address></gmd:address><gmd:onlineResource><gmd:CI_OnlineResource><gmd:linkage><gmd:URL>https://agclass.nal.usda.gov/</gmd:URL></gmd:linkage><gmd:protocol><gco:CharacterString>HTTP</gco:CharacterString></gmd:protocol><gmd:applicationProfile><gco:CharacterString>Web Browser</gco:CharacterString></gmd:applicationProfile><gmd:name><gco:CharacterString>USDA National Agricultural Library Thesaurus and Glossary Home Page</gco:CharacterString></gmd:name><gmd:description><gco:CharacterString>The Thesaurus and Glossary are online vocabulary tools of agricultural terms in English and Spanish and are cooperatively produced by the National Agricultural Library, USDA, and the Inter-American Institute for Cooperation on Agriculture as well as other Latin American agricultural institutions belonging to the Agriculture Information and Documentation Service of the Americas (SIDALC).</gco:CharacterString></gmd:description><gmd:function><gmd:CI_OnLineFunctionCode codeList="http://standards.iso.org/iso/19139/resources/gmxCodelists.xml#CI_OnLineFunctionCode" codeListValue="information"/></gmd:function></gmd:CI_OnlineResource></gmd:onlineResource></gmd:CI_Contact></gmd:contactInfo><gmd:role><gmd:CI_RoleCode codeListValue="pointOfContact" codeList="http://standards.iso.org/iso/19139/resources/gmxCodelists.xml#CI_RoleCode"/></gmd:role></gmd:CI_ResponsibleParty></gmd:citedResponsibleParty><gmd:otherCitationDetails><gco:CharacterString>A controlled vocabulary of keywords to classify dataset records in Ag Data Commons</gco:CharacterString></gmd:otherCitationDetails></gmd:CI_Citation></gmd:thesaurusName></gmd:MD_Keywords></gmd:descriptiveKeywords><gmd:descriptiveKeywords><gmd:MD_Keywords><gmd:keyword><gco:CharacterString>31922</gco:CharacterString></gmd:keyword><gmd:type><gmd:MD_KeywordTypeCode codeList="http://standards.iso.org/iso/19139/resources/gmxCodelists.xml#MD_KeywordTypeCode" codeListValue="theme"/></gmd:type><gmd:thesaurusName><gmd:CI_Citation xmlns:geonet="http://www.fao.org/geonetwork" uuid="763005c9-762c-4a67-9fc1-5aaea4086568"><gmd:title><gco:CharacterString>Ag Data Commons Keywords</gco:CharacterString></gmd:title><gmd:alternateTitle><gco:CharacterString>USDA NAL Ag Data Commons Keywords</gco:CharacterString></gmd:alternateTitle><gmd:date><gmd:CI_Date><gmd:date><gco:Date>2016</gco:Date></gmd:date><gmd:dateType><gmd:CI_DateTypeCode codeList="http://standards.iso.org/iso/19139/resources/gmxCodelists.xml#CI_DateTypeCode" codeListValue="publication"/></gmd:dateType></gmd:CI_Date></gmd:date><gmd:edition><gco:CharacterString>ADC Keywords hierarchy v4</gco:CharacterString></gmd:edition><gmd:citedResponsibleParty><gmd:CI_ResponsibleParty uuid="b5d99c43-4f69-444b-8bf2-185e1672110f"><gmd:individualName><gco:CharacterString>Erin Antognoli</gco:CharacterString></gmd:individualName><gmd:organisationName><gco:CharacterString>USDA National Agricultural Library</gco:CharacterString></gmd:organisationName><gmd:positionName><gco:CharacterString>* Ag Data Commons Metadata Librarian</gco:CharacterString></gmd:positionName><gmd:contactInfo><gmd:CI_Contact uuid="4c0071d9-d58f-4f59-b398-a0a6a50d1228"><gmd:phone><gmd:CI_Telephone><gmd:voice gco:nilReason="missing"><gco:CharacterString/></gmd:voice><gmd:facsimile gco:nilReason="missing"><gco:CharacterString/></gmd:facsimile></gmd:CI_Telephone></gmd:phone><gmd:address><gmd:CI_Address><gmd:deliveryPoint><gco:CharacterString>10301 Baltimore Ave</gco:CharacterString></gmd:deliveryPoint><gmd:city><gco:CharacterString>Beltsville</gco:CharacterString></gmd:city><gmd:administrativeArea><gco:CharacterString>MD</gco:CharacterString></gmd:administrativeArea><gmd:postalCode><gco:CharacterString>20705</gco:CharacterString></gmd:postalCode><gmd:country><gco:CharacterString>United States of America</gco:CharacterString></gmd:country><gmd:electronicMailAddress><gco:CharacterString>nal-adc-curator@ars.usda.gov</gco:CharacterString></gmd:electronicMailAddress></gmd:CI_Address></gmd:address><gmd:onlineResource><gmd:CI_OnlineResource uuid="95889d18-443b-4683-9c18-f95ae6b21e06"><gmd:linkage><gmd:URL>https://nal.usda.gov</gmd:URL></gmd:linkage><gmd:protocol><gco:CharacterString>HTTP</gco:CharacterString></gmd:protocol><gmd:applicationProfile><gco:CharacterString>Web Browser</gco:CharacterString></gmd:applicationProfile><gmd:name><gco:CharacterString>USDA National Agricultural Library</gco:CharacterString></gmd:name><gmd:description><gco:CharacterString>The National Agricultural Library is one of the national libraries of the United States and houses one of the world's largest collections devoted to agriculture and its related sciences.</gco:CharacterString></gmd:description><gmd:function><gmd:CI_OnLineFunctionCode codeList="http://standards.iso.org/iso/19139/resources/gmxCodelists.xml#CI_OnLineFunctionCode" codeListValue="information"/></gmd:function></gmd:CI_OnlineResource></gmd:onlineResource><gmd:contactInstructions><gco:CharacterString>Ag Data Commons Metadata Contact</gco:CharacterString></gmd:contactInstructions></gmd:CI_Contact></gmd:contactInfo><gmd:role><gmd:CI_RoleCode codeListValue="pointOfContact" codeList="http://standards.iso.org/iso/19139/resources/gmxCodelists.xml#CI_RoleCode"/></gmd:role></gmd:CI_ResponsibleParty></gmd:citedResponsibleParty><gmd:otherCitationDetails><gco:CharacterString>A controlled vocabulary of keywords to classify dataset records in Ag Data Commons</gco:CharacterString></gmd:otherCitationDetails></gmd:CI_Citation></gmd:thesaurusName></gmd:MD_Keywords></gmd:descriptiveKeywords><gmd:resourceConstraints><gmd:MD_LegalConstraints><gmd:accessConstraints><gmd:MD_RestrictionCode codeList="https://www.ngdc.noaa.gov/metadata/published/xsd/schema/resources/Codelist/gmxCodelists.xml#gmd:MD_RestrictionCode" codeListValue="otherRestrictions">otherRestrictions</gmd:MD_RestrictionCode></gmd:accessConstraints><gmd:useConstraints/><gmd:otherConstraints><gco:CharacterString>This information is released under the Creative Commons license - Attribution - CC BY (https://creativecommons.org/licenses/by/4.0/). The consumer of these data ("Data User" herein) is required to cite it appropriately in any publication that results from its use. The Data User should realize that these data may be actively used by others for ongoing research and that coordination may be necessary to prevent duplicate publication. The Data User is urged to contact the authors of these data if any questions about methodology or results occur. Where appropriate, the Data User is encouraged to consider collaboration or co-authorship with the authors. The Data User should realize that misinterpretation of data may occur if used out of context of the original study. While substantial efforts are made to ensure the accuracy of data and associated documentation, complete accuracy of data sets cannot be guaranteed. All data are made available "as is." The Data User should be aware, however, that data are updated periodically and it is the responsibility of the Data User to check for new versions of the data. The data authors and the repository where these data were obtained shall not be liable for damages resulting from any use or misinterpretation of the data. Thank you.</gco:CharacterString></gmd:otherConstraints></gmd:MD_LegalConstraints></gmd:resourceConstraints><gmd:language><gmd:LanguageCode codeList="http://standards.iso.org/ittf/PubliclyAvailableStandards/ISO_19139_Schemas/resources/Codelist/ML_gmxCodelists.xml#LanguageCode" codeListValue="eng">English</gmd:LanguageCode></gmd:language><gmd:characterSet><gmd:MD_CharacterSetCode codeList="http://www.isotc211.org/2005/resources/Codelist/gmxCodelists.xml#MD_CharacterSetCode" codeListValue=""/></gmd:characterSet><gmd:topicCategory><gmd:MD_TopicCategoryCode>farming</gmd:MD_TopicCategoryCode></gmd:topicCategory><gmd:topicCategory><gmd:MD_TopicCategoryCode>environment</gmd:MD_TopicCategoryCode></gmd:topicCategory><gmd:topicCategory><gmd:MD_TopicCategoryCode>biota</gmd:MD_TopicCategoryCode></gmd:topicCategory><gmd:topicCategory><gmd:MD_TopicCategoryCode>climatologyMeteorologyAtmosphere</gmd:MD_TopicCategoryCode></gmd:topicCategory><gmd:topicCategory><gmd:MD_TopicCategoryCode>geoscientificInformation</gmd:MD_TopicCategoryCode></gmd:topicCategory><gmd:extent><gmd:EX_Extent id="boundingExtent"><gmd:geographicElement><gmd:EX_GeographicBoundingBox><gmd:westBoundLongitude><gco:Decimal>-106.868125</gco:Decimal></gmd:westBoundLongitude><gmd:eastBoundLongitude><gco:Decimal>-106.592781</gco:Decimal></gmd:eastBoundLongitude><gmd:southBoundLatitude><gco:Decimal>32.473162</gco:Decimal></gmd:southBoundLatitude><gmd:northBoundLatitude><gco:Decimal>32.778734</gco:Decimal></gmd:northBoundLatitude></gmd:EX_GeographicBoundingBox></gmd:geographicElement><gmd:temporalElement><gmd:EX_TemporalExtent><gmd:extent><gml:TimePeriod gml:id="timePeriod1"><gml:begin><gml:TimeInstant gml:id="timePeriod1BeginDate"><gml:timePosition>2014-01-01</gml:timePosition></gml:TimeInstant></gml:begin><gml:end><gml:TimeInstant gml:id="timePeriod1EndDate"><gml:timePosition>2021-03-31</gml:timePosition></gml:TimeInstant></gml:end></gml:TimePeriod></gmd:extent></gmd:EX_TemporalExtent></gmd:temporalElement></gmd:EX_Extent></gmd:extent></gmd:MD_DataIdentification></gmd:identificationInfo><gmd:contentInfo><gmd:MD_CoverageDescription><gmd:attributeDescription gco:nilReason="unknown"/><gmd:contentType><gmd:MD_CoverageContentTypeCode codeList="https://www.ngdc.noaa.gov/metadata/published/xsd/schema/resources/Codelist/gmxCodelists.xml#gmd:MD_CoverageContentTypeCode" codeListValue="physicalMeasurement">physicalMeasurement</gmd:MD_CoverageContentTypeCode></gmd:contentType><gmd:dimension><gmd:MD_Band><gmd:sequenceIdentifier><gco:MemberName><gco:aName><gco:CharacterString>OBJECTID</gco:CharacterString></gco:aName><gco:attributeType><gco:TypeName><gco:aName><gco:CharacterString>number</gco:CharacterString></gco:aName></gco:TypeName></gco:attributeType></gco:MemberName></gmd:sequenceIdentifier><gmd:descriptor><gco:CharacterString>Record identifier- Unique identifier for rows assigned by ArcGIS</gco:CharacterString></gmd:descriptor><gmd:units xlink:href="http://someUnitsDictionary.xml#number"/></gmd:MD_Band></gmd:dimension><gmd:dimension><gmd:MD_Band><gmd:sequenceIdentifier><gco:MemberName><gco:aName><gco:CharacterString>soil_mu</gco:CharacterString></gco:aName><gco:attributeType><gco:TypeName><gco:aName gco:nilReason="missing"/></gco:TypeName></gco:attributeType></gco:MemberName></gmd:sequenceIdentifier><gmd:descriptor><gco:CharacterString>Soil survey soil map unit- NRCS soil survey soil map unit symbol</gco:CharacterString></gmd:descriptor></gmd:MD_Band></gmd:dimension><gmd:dimension><gmd:MD_Band><gmd:sequenceIdentifier><gco:MemberName><gco:aName><gco:CharacterString>SSURGO_dat</gco:CharacterString></gco:aName><gco:attributeType><gco:TypeName><gco:aName gco:nilReason="missing"/></gco:TypeName></gco:attributeType></gco:MemberName></gmd:sequenceIdentifier><gmd:descriptor><gco:CharacterString>SSURGO soil survey area symbol- Soil Survey Geographic Database (SSURGO) soil survey area symbol</gco:CharacterString></gmd:descriptor></gmd:MD_Band></gmd:dimension><gmd:dimension><gmd:MD_Band><gmd:sequenceIdentifier><gco:MemberName><gco:aName><gco:CharacterString>MLRA</gco:CharacterString></gco:aName><gco:attributeType><gco:TypeName><gco:aName gco:nilReason="missing"/></gco:TypeName></gco:attributeType></gco:MemberName></gmd:sequenceIdentifier><gmd:descriptor><gco:CharacterString>Major land resource area code - Major land resource area code</gco:CharacterString></gmd:descriptor></gmd:MD_Band></gmd:dimension><gmd:dimension><gmd:MD_Band><gmd:sequenceIdentifier><gco:MemberName><gco:aName><gco:CharacterString>LRU</gco:CharacterString></gco:aName><gco:attributeType><gco:TypeName><gco:aName gco:nilReason="missing"/></gco:TypeName></gco:attributeType></gco:MemberName></gmd:sequenceIdentifier><gmd:descriptor><gco:CharacterString>Land resource unit- Land resource unit</gco:CharacterString></gmd:descriptor></gmd:MD_Band></gmd:dimension><gmd:dimension><gmd:MD_Band><gmd:sequenceIdentifier><gco:MemberName><gco:aName><gco:CharacterString>esite</gco:CharacterString></gco:aName><gco:attributeType><gco:TypeName><gco:aName gco:nilReason="missing"/></gco:TypeName></gco:attributeType></gco:MemberName></gmd:sequenceIdentifier><gmd:descriptor><gco:CharacterString>Ecological site code- Dominant ecological site in the polygon, attributed by the state mapping technician</gco:CharacterString></gmd:descriptor></gmd:MD_Band></gmd:dimension><gmd:dimension><gmd:MD_Band><gmd:sequenceIdentifier><gco:MemberName><gco:aName><gco:CharacterString>esite_alt</gco:CharacterString></gco:aName><gco:attributeType><gco:TypeName><gco:aName gco:nilReason="missing"/></gco:TypeName></gco:attributeType></gco:MemberName></gmd:sequenceIdentifier><gmd:descriptor><gco:CharacterString>Second most common ecological site- Second most common ecological site for the polygon, attributed by the state mapping technician; used when there is uncertainty as to ecological site or is the second dominant ecological site where more than one ecological site occurs within the polygon</gco:CharacterString></gmd:descriptor></gmd:MD_Band></gmd:dimension><gmd:dimension><gmd:MD_Band><gmd:sequenceIdentifier><gco:MemberName><gco:aName><gco:CharacterString>esite_alt2</gco:CharacterString></gco:aName><gco:attributeType><gco:TypeName><gco:aName gco:nilReason="missing"/></gco:TypeName></gco:attributeType></gco:MemberName></gmd:sequenceIdentifier><gmd:descriptor><gco:CharacterString>Third most common ecological site- Third most common ecological site for the polygon, attributed by the state mapping technician; used when there is uncertainty as to ecological site or is the third dominant ecological site where more than one ecological site occurs within the polygon</gco:CharacterString></gmd:descriptor></gmd:MD_Band></gmd:dimension><gmd:dimension><gmd:MD_Band><gmd:sequenceIdentifier><gco:MemberName><gco:aName><gco:CharacterString>state_code</gco:CharacterString></gco:aName><gco:attributeType><gco:TypeName><gco:aName gco:nilReason="missing"/></gco:TypeName></gco:attributeType></gco:MemberName></gmd:sequenceIdentifier><gmd:descriptor><gco:CharacterString>Ecological state code- Two or three-digit ecological state code attributed by the state mapping technician</gco:CharacterString></gmd:descriptor></gmd:MD_Band></gmd:dimension><gmd:dimension><gmd:MD_Band><gmd:sequenceIdentifier><gco:MemberName><gco:aName><gco:CharacterString>dom1</gco:CharacterString></gco:aName><gco:attributeType><gco:TypeName><gco:aName gco:nilReason="missing"/></gco:TypeName></gco:attributeType></gco:MemberName></gmd:sequenceIdentifier><gmd:descriptor><gco:CharacterString>Dominant plant species- Dominant plant species or lifeform (by cover), obtained from field data</gco:CharacterString></gmd:descriptor></gmd:MD_Band></gmd:dimension><gmd:dimension><gmd:MD_Band><gmd:sequenceIdentifier><gco:MemberName><gco:aName><gco:CharacterString>dom2</gco:CharacterString></gco:aName><gco:attributeType><gco:TypeName><gco:aName gco:nilReason="missing"/></gco:TypeName></gco:attributeType></gco:MemberName></gmd:sequenceIdentifier><gmd:descriptor><gco:CharacterString>Second most dominant plant species- Second most dominant plant species or lifeform (by cover), obtained from field data</gco:CharacterString></gmd:descriptor></gmd:MD_Band></gmd:dimension><gmd:dimension><gmd:MD_Band><gmd:sequenceIdentifier><gco:MemberName><gco:aName><gco:CharacterString>dom3</gco:CharacterString></gco:aName><gco:attributeType><gco:TypeName><gco:aName gco:nilReason="missing"/></gco:TypeName></gco:attributeType></gco:MemberName></gmd:sequenceIdentifier><gmd:descriptor><gco:CharacterString>Third most dominant plant species- Third most dominant plant species or lifeform (by cover), obtained from field data</gco:CharacterString></gmd:descriptor></gmd:MD_Band></gmd:dimension><gmd:dimension><gmd:MD_Band><gmd:sequenceIdentifier><gco:MemberName><gco:aName><gco:CharacterString>dom4</gco:CharacterString></gco:aName><gco:attributeType><gco:TypeName><gco:aName gco:nilReason="missing"/></gco:TypeName></gco:attributeType></gco:MemberName></gmd:sequenceIdentifier><gmd:descriptor><gco:CharacterString>Fourth most dominant plant species- Fourth most dominant plant species or lifeform (by cover), obtained from field data</gco:CharacterString></gmd:descriptor></gmd:MD_Band></gmd:dimension><gmd:dimension><gmd:MD_Band><gmd:sequenceIdentifier><gco:MemberName><gco:aName><gco:CharacterString>grass_dur</gco:CharacterString></gco:aName><gco:attributeType><gco:TypeName><gco:aName gco:nilReason="missing"/></gco:TypeName></gco:attributeType></gco:MemberName></gmd:sequenceIdentifier><gmd:descriptor><gco:CharacterString>Annual or perennial grasses- The duration of dominant grass species within the polygon. Determined from field surveys.</gco:CharacterString></gmd:descriptor></gmd:MD_Band></gmd:dimension><gmd:dimension><gmd:MD_Band><gmd:sequenceIdentifier><gco:MemberName><gco:aName><gco:CharacterString>ration</gco:CharacterString></gco:aName><gco:attributeType><gco:TypeName><gco:aName gco:nilReason="missing"/></gco:TypeName></gco:attributeType></gco:MemberName></gmd:sequenceIdentifier><gmd:descriptor><gco:CharacterString>Basis for ecosite or state- Basis for attributing ecological site and/or ecological state</gco:CharacterString></gmd:descriptor></gmd:MD_Band></gmd:dimension><gmd:dimension><gmd:MD_Band><gmd:sequenceIdentifier><gco:MemberName><gco:aName><gco:CharacterString>Shape_Length</gco:CharacterString></gco:aName><gco:attributeType><gco:TypeName><gco:aName gco:nilReason="missing"/></gco:TypeName></gco:attributeType></gco:MemberName></gmd:sequenceIdentifier><gmd:descriptor><gco:CharacterString>Length of polygon- Assigned by ArcGIS; length of the state map polygon</gco:CharacterString></gmd:descriptor></gmd:MD_Band></gmd:dimension><gmd:dimension><gmd:MD_Band><gmd:sequenceIdentifier><gco:MemberName><gco:aName><gco:CharacterString>Shape_Area</gco:CharacterString></gco:aName><gco:attributeType><gco:TypeName><gco:aName gco:nilReason="missing"/></gco:TypeName></gco:attributeType></gco:MemberName></gmd:sequenceIdentifier><gmd:descriptor><gco:CharacterString>Area of polygon- Assigned by ArcGIS; area of the state map polygon</gco:CharacterString></gmd:descriptor></gmd:MD_Band></gmd:dimension></gmd:MD_CoverageDescription></gmd:contentInfo><gmd:distributionInfo><gmd:MD_Distribution><gmd:distributionFormat><gmd:MD_Format><gmd:name gco:nilReason="missing"/><gmd:version gco:nilReason="missing"/></gmd:MD_Format></gmd:distributionFormat></gmd:MD_Distribution></gmd:distributionInfo><gmd:dataQualityInfo><gmd:DQ_DataQuality><gmd:scope><gmd:DQ_Scope><gmd:level><gmd:MD_ScopeCode codeList="http://www.isotc211.org/2005/resources/Codelist/gmxCodelists.xml#MD_ScopeCode" codeListValue="dataset">dataset</gmd:MD_ScopeCode></gmd:level></gmd:DQ_Scope></gmd:scope><gmd:lineage><gmd:LI_Lineage><gmd:statement><gco:CharacterString/></gmd:statement><gmd:processStep><gmd:LI_ProcessStep><gmd:description><gco:CharacterString>METHODS: To create this map, existing Soil Survey Geographi Database (SSURGO) soil map units were sub-divided based on imagery (Digital Orthophoto Quarter Quads, DOQQ), knowledge of ecological site descriptions (ESDs) and state-and-transition models (STMs), existing spatial data layers, georeferenced ground data and field traverse data. Each child polygon was attributed with an ecological site and three-digit state code. A more detailed description of the state mapping process is provided here: https://jornada.nmsu.edu/esd/state-mapping. Soil map units were obtained from the Dona Ana County Area, New Mexico (NM690) and White Sands Missile Range, New Mexico (NM688) SSURGO Soil Surveys: https://websoilsurvey.sc.egov.usda.gov/App/WebSoilSurvey.aspx The ecological site descriptions describing each ecological site, and associated states, are found on the Ecosystem Dynamics Interpretive Tool (EDIT): Ecological Site Descriptions for MLRA 042B (Southern Rio Grande Rift), Desert Shrub (R042BB***NM) https://edit.jornada.nmsu.edu/catalogs/esd/042B. Resources for Major Land Resource Area (MLRA) and Land Resource Unit (LRU): https://www.nrcs.usda.gov/resources/education-and-teaching-materials/defining-lrr-mlra-and-lru https://web.nmsu.edu/~hbw3/what-is-a-land-resource-unit.html State codes consist of two or three digits. Two digit codes are as follows: 10 = exotic dominated 11 = Roads 12 = Tanks/Water hole 13 = Agricultural field. Three digit codes are composed of the following: 1 = Grassland (HCPC state) 2 = Altered grassland / Altered savanna 3 = Shrub or Tree savanna (HCPC state) 4 = Shrub / Tree invaded grassland 5 = Shrub / Tree dominated 6 = Shrubland / Woodland 7 = Bare Annuals 8 = Gallery forest (HCPC state) 9 = Exotic invaded. State code example: 124 = reference grassland (1) is the dominant state; secondary state is altered grassland (2) and the polygon contains patches of shrub-invaded grassland (4).think of a sandy soil that is mostly black grama grassland with very sparse (&lt;3% cover) mesquite, but has patches with low/no black grama (&lt;5% cover), with or without dropseeds and three-awns; and to a lesser extent has patches of higher density mesquite (5% cover or more) For the dominant species variables, plant codes are from USDA NRCS Plants Database: https://plants.sc.egov.usda.gov/java/. Functional group codes are: AG = annual grasses; PG = perennial grasses; AF = annual forbs; PF = perennial forbs; SH = shrubs; SS = sub-shrubs; CAC = cactus, yucca, other succulents; TR = tree Data within the Jornada State Map geodatabse are identical in versions 1-3. Versioning is a result of metadata edits within EDI.</gco:CharacterString></gmd:description></gmd:LI_ProcessStep></gmd:processStep></gmd:LI_Lineage></gmd:lineage></gmd:DQ_DataQuality></gmd:dataQualityInfo><gmd:metadataConstraints><gmd:MD_LegalConstraints><gmd:otherConstraints><gco:CharacterString>uid=JRN,o=LTER,dc=ecoinformatics,dc=org: all</gco:CharacterString></gmd:otherConstraints><gmd:otherConstraints><gco:CharacterString>public: read</gco:CharacterString></gmd:otherConstraints></gmd:MD_LegalConstraints></gmd:metadataConstraints></gmd:MD_Metadata>
