<?xml version="1.0" encoding="UTF-8"?>
<eml:eml xmlns:eml="https://eml.ecoinformatics.org/eml-2.2.0" xmlns:stmml="http://www.xml-cml.org/schema/stmml-1.2" xmlns:xsi="http://www.w3.org/2001/XMLSchema-instance" packageId="knb-lter-jrn.210262001.11" system="https://pasta.edirepository.org" xsi:schemaLocation="https://eml.ecoinformatics.org/eml-2.2.0 https://eml.ecoinformatics.org/eml-2.2.0/eml.xsd">
   <access authSystem="https://pasta.edirepository.org/authentication" order="allowFirst" scope="document" system="https://pasta.edirepository.org">
      <allow>
         <principal>uid=JRN,o=LTER,dc=ecoinformatics,dc=org</principal>
         <permission>all</permission>
      </allow>
      <allow>
         <principal>public</principal>
         <permission>read</permission>
      </allow>
   </access>
   <dataset id="d210262001">
      <alternateIdentifier system="https://doi.org">doi:10.6073/pasta/13a6e606f3173f5b39cca500ad65fb97</alternateIdentifier><title>Spring and Fall plant cover across grassland-shrubland ecotones at 3 sites in the Jornada Basin, 2005-ongoing</title>
      <creator>
         <individualName>
            <givenName>Brandon T</givenName>
            <surName>Bestelmeyer</surName>
         </individualName>
         <organizationName>USDA-ARS Jornada Experimental Range</organizationName>
         <electronicMailAddress>brandon.bestelmeyer@usda.gov</electronicMailAddress>
         <userId directory="ORCID">0000-0001-5060-9955</userId>
      </creator>
      <creator>
         <individualName>
            <givenName>Robert</givenName>
            <surName>Schooley</surName>
         </individualName>
         <organizationName>University of Illinois</organizationName>
         <electronicMailAddress>schooley@illinois.edu</electronicMailAddress>
         <userId directory="ORCID">0000-0001-5951-2340</userId>
      </creator>
      <metadataProvider>
         <organizationName>Jornada Basin LTER Program</organizationName>
         <positionName>Jornada Basin LTER program</positionName>
         <address>
            <deliveryPoint>P.O. Box 30003; MSC 3JER New Mexico State University</deliveryPoint>
            <city>Las Cruces</city>
            <administrativeArea>NM</administrativeArea>
            <postalCode>88003-8003</postalCode>
            <country>USA</country>
         </address>
         <electronicMailAddress>jornada.lter@nmsu.edu</electronicMailAddress>
         <onlineUrl>https://lter.jornada.nmsu.edu</onlineUrl>
         <userId directory="ROR">05976ta47</userId>
      </metadataProvider>
      <pubDate>2024-03-08</pubDate>
      <language>English</language>
      <abstract>
         <para>
    The objective of this ongoing study is to investigate how pulses of
    precipitation translate into pulses of plant aboveground net primary
    productivity (ANPP) across grassland to shrubland ecotones in the
    northern Chihuahuan Desert. This dataset consists of ocular plant
    cover and height measurements to be used for estimating aboveground
    net primary in three habitat vegetation zones (grassland, ecotone,
    and shrubland) at three grassland-to-shrubland ecotone sites in the
    Jornada Basin, Dona Ana County, New Mexico, USA. Sampling is
    conducted twice a year: in the spring before the growing season and
    in the fall after the growing season.
  </para>
      </abstract>
      <keywordSet>
         <keyword keywordType="theme">Primary Production</keyword>
         <keyword keywordType="theme">populations</keyword>
         <keywordThesaurus>LTER Core Research Areas</keywordThesaurus>
      </keywordSet>
      <keywordSet>
         <keyword keywordType="theme">aboveground production</keyword>
         <keyword keywordType="theme">canopy cover</keyword>
         <keyword keywordType="theme">deserts</keyword>
         <keyword keywordType="theme">grasses</keyword>
         <keyword keywordType="theme">herbs</keyword>
         <keyword keywordType="theme">plant cover</keyword>
         <keyword keywordType="theme">shrubs</keyword>
         <keyword keywordType="theme">vascular plants</keyword>
         <keyword keywordType="theme">vegetation</keyword>
         <keywordThesaurus>LTER Controlled Vocabulary v1</keywordThesaurus>
      </keywordSet>
      <keywordSet>
         <keyword keywordType="theme">Jornada Basin LTER</keyword>
         <keyword keywordType="theme">black grama</keyword>
         <keyword keywordType="theme">ecotone</keyword>
         <keyword keywordType="theme">honey mesquite</keyword>
         <keyword keywordType="theme">long-term experiment</keyword>
         <keyword keywordType="theme">plant</keyword>
         <keyword keywordType="theme">shrub encroachment</keyword>
         <keyword keywordType="theme">shrub invasion</keyword>
         <keywordThesaurus>none</keywordThesaurus>
      </keywordSet>
      <keywordSet>
         <keyword keywordType="theme">Vegetation Dynamics</keyword>
         <keyword keywordType="theme">core</keyword>
         <keywordThesaurus>Jornada Basin LTER dataset keywords</keywordThesaurus>
      </keywordSet>
      <keywordSet>
         <keyword keywordType="theme">Ecotone</keyword>
         <keyword keywordType="theme">prj 262</keyword>
         <keywordThesaurus>Jornada Basin project names</keywordThesaurus>
      </keywordSet>
      <keywordSet>
         <keyword keywordType="place">CDRRC Pasture 3</keyword>
         <keyword keywordType="place">Pasture 12A</keyword>
         <keyword keywordType="place">Pasture 9</keyword>
         <keywordThesaurus>Jornada Basin place names</keywordThesaurus>
      </keywordSet>
      <keywordSet>
         <keyword keywordType="theme">LTAR</keyword>
         <keywordThesaurus>USDA National Ag Library's Agricultural Thesaurus</keywordThesaurus>
      </keywordSet>
      <intellectualRights>
         <para>
  This information is released under the Creative Commons license - Attribution - CC BY 
  (https://creativecommons.org/licenses/by/4.0/). The consumer of these data ("Data User" 
  herein) is required to cite it appropriately in any publication that results from its 
  use. The Data User should realize that these data may be actively used by others for 
  ongoing research and that coordination may be necessary to prevent duplicate 
  publication. The Data User is urged to contact the authors of these data if any 
  questions about methodology or results occur. Where appropriate, the Data User is 
  encouraged to consider collaboration or co-authorship with the authors. The Data User 
  should realize that misinterpretation of data may occur if used out of context of the 
  original study. While substantial efforts are made to ensure the accuracy of data and 
  associated documentation, complete accuracy of data sets cannot be guaranteed. All data 
  are made available "as is." The Data User should be aware, however, that data are updated 
  periodically and it is the responsibility of the Data User to check for new versions of 
  the data. The data authors and the repository where these data were obtained shall not be 
  liable for damages resulting from any use or misinterpretation of the data. Thank you.
</para>
      </intellectualRights>
      <licensed>
         <licenseName>Creative Commons Attribution 4.0 International</licenseName>
         <url>https://spdx.org/licenses/CC-BY-4.0.html</url>
         <identifier>CC-BY-4.0</identifier>
      </licensed>
      <distribution>
         <online>
            <url function="information">https://jrn.lternet.edu</url>
         </online>
      </distribution>
      <distribution id="10.6073/pasta/13a6e606f3173f5b39cca500ad65fb97" scope="system" system="https://pasta.edirepository.org"><online><url function="information">https://doi.org/10.6073/pasta/13a6e606f3173f5b39cca500ad65fb97</url></online></distribution><coverage>
         <geographicCoverage>
            <geographicDescription>Ecotone sites (3): Pastures 9 and 12A of the Jornada Experimental Range and Pasture 3 of the Chihuhuan Desert Rangeland Research Center, Jornada Basin, Dona Ana County, New Mexico, USA. For more detailed geographic locations of the plots please contact the Data Manager.</geographicDescription>
            <boundingCoordinates>
               <westBoundingCoordinate>-106.889900</westBoundingCoordinate>
               <eastBoundingCoordinate>-106.759500</eastBoundingCoordinate>
               <northBoundingCoordinate>32.655760</northBoundingCoordinate>
               <southBoundingCoordinate>32.592700</southBoundingCoordinate>
            </boundingCoordinates>
         </geographicCoverage>
         <temporalCoverage>
            <rangeOfDates>
               <beginDate>
                  <calendarDate>2005-06-01</calendarDate>
               </beginDate>
               <endDate>
                  <calendarDate>2023-10-24</calendarDate>
               </endDate>
            </rangeOfDates>
         </temporalCoverage>
      </coverage>
      <maintenance>
         <description>ongoing</description>
         <maintenanceUpdateFrequency>annually</maintenanceUpdateFrequency>
      </maintenance>
      <contact>
         <organizationName>Jornada Basin LTER Program</organizationName>
         <positionName>Information Manager</positionName>
         <address>
            <deliveryPoint>P.O. Box 30003; MSC 3JER New Mexico State University</deliveryPoint>
            <city>Las Cruces</city>
            <administrativeArea>NM</administrativeArea>
            <postalCode>88003-8003</postalCode>
            <country>U.S.A.</country>
         </address>
         <phone>575-322-2430</phone>
         <electronicMailAddress>jornada.data@nmsu.edu</electronicMailAddress>
         <onlineUrl>https://lter.jornada.nmsu.edu/information-management/</onlineUrl>
      </contact>
      <publisher>
         <organizationName>Environmental Data Initiative</organizationName>
         <electronicMailAddress>info@edirepository.org</electronicMailAddress>
         <onlineUrl>https://edirepository.org</onlineUrl>
         <userId directory="https://ror.org">0330j0z60</userId>
      </publisher>
      <pubPlace>Environmental Data Initiative</pubPlace>
      <methods>
         <methodStep>
            <description>
               <para>
    This experiment was conducted at three sites, each with a
    grassland-to-shrubland ecotone. Two of the sites, JER Pasture 9 and
    JER Pasture 12A, occur on the USDA Agricultural Research Service
    Jornada Experimental Range. One site, CDRRC Pasture 3, is located on
    the New Mexico State University Chihuahuan Desert Rangeland Research
    Center. Climate is arid to semi-arid, with long-term (90-year) mean
    annual temperature of 15C and mean annual precipitation of 250 mm,
    over half of which occurs in summer (July to September).
  </para>
               <para>
    Sites were chosen to contain 3 distinct habitat types (ecotone
    positions): grassland, ecotone, and shrubland. Within each habitat
    type of each site, 32 1 square meter quadrats were established in
    2005, yielding 96 quadrats per site and 288 quadrats for the entire
    study. Within each habitat type the 32 quadrats are arranged in two
    parallel rows of 16 quadrats each, running perpendicular to the
    grassland-to-shrubland gradient. Within a row, each quadrat is
    approximately 20 meters apart. Distance between the two parallel
    rows is about 55 meters. The rows are parallel to and between rodent
    trapping lines in data package knb-lter-jrn.210262008.
  </para>
               <para>
    Quadrats are sampled nondestructively for ocular live cover and
    height of each species twice per year: once in the spring and once
    in the fall after the growing season. Two permanent plastic stakes
    mark the diagonal corners of each quadrat. Measurements are taken
    within portable square frames placed on the staked corners, with an
    internal area of 1 square meter. The interior of the frame is
    gridded with twine into one hundred 10 cm x 10 cm sections (each 1%
    of the quadrat’s area) to facilitate plant cover estimates. Plant
    cover is measured for each species at a minimum of 0.1% and the
    height to the nearest centimeter. These measurements are used to
    calculate annual net primary productivity in data packages
    knb-lter-jrn.210262004 (annual ANPP by plant functional group) and
    knb-lter-jrn.210262005 (annual ANPP by site).
  </para>
            </description>
         </methodStep>
      </methods>
      <project>
         <title>Jornada Basin LTER</title>
         <personnel>
            <individualName>
               <salutation>Dr.</salutation>
               <givenName>Niall</givenName>
               <surName>Hanan</surName>
            </individualName>
            <address>
               <deliveryPoint>P.O. Box 30003, MSC 3JER</deliveryPoint>
               <deliveryPoint>New Mexico State University</deliveryPoint>
               <city>Las Cruces</city>
               <administrativeArea>NM</administrativeArea>
               <postalCode>88003-8003</postalCode>
               <country>United States</country>
            </address>
            <phone phonetype="voice">575-646-3335</phone>
            <electronicMailAddress>nhanan@nmsu.edu</electronicMailAddress>
            <role>Principal Investigator</role>
         </personnel>
         <abstract>
            <para>Dryland ecosystems occupy nearly half of the Earth's land surface and provide goods and services for more than 1 billion people. The goal of the Jornada Basin Long Term Ecological Research (LTER) program is to understand what factors determine the structure and function of drylands, and to develop general principles governing changes between grassland and shrubland ecosystems. This research is based on long-term data collected in the Chihuahuan Desert. We translate our findings to dryland ecosystems around the world, and forecast the dynamics of future ecosystem states in response to changing climate and land use.</para>
         </abstract>
         <funding>
            <para>The Jornada LTER program has been continuously funded by the U.S. National Science Foundation since 1982 (Current NSF award: DEB-2025166)</para>
         </funding>
         <award>
            <funderName>National Science Foundation</funderName>
            <funderIdentifier>https://ror.org/021nxhr62</funderIdentifier>
            <awardNumber>DEB 2025166</awardNumber>
            <title>LTER: Long –Term Research at the Jornada Basin (LTER VII)</title>
            <awardUrl>https://www.nsf.gov/awardsearch/showAward?AWD_ID=2025166</awardUrl>
         </award>
         <award>
            <funderName>National Science Foundation</funderName>
            <awardNumber>DEB 1832194</awardNumber>
            <title>Prior award: LTER: Long - Term Research at the Jornada Basin (LTER VII)</title>
            <awardUrl>https://www.nsf.gov/awardsearch/showAward?AWD_ID=1832194</awardUrl>
         </award>
         <award>
            <funderName>National Science Foundation</funderName>
            <awardNumber>DEB 1235828</awardNumber>
            <title>Prior award: LTER: Long-Term Research at the Jornada Basin (LTER-VI)</title>
            <awardUrl>https://www.nsf.gov/awardsearch/showAward?AWD_ID=1235828</awardUrl>
         </award>
         <award>
            <funderName>National Science Foundation</funderName>
            <awardNumber>DEB 0618210</awardNumber>
            <title>Prior award: Jornada Basin LTER V: Landscape Linkages in Arid and Semiarid Ecosystems</title>
            <awardUrl>https://www.nsf.gov/awardsearch/showAward?AWD_ID=0618210</awardUrl>
         </award>
         <award>
            <funderName>National Science Foundation</funderName>
            <awardNumber>DEB 0080412</awardNumber>
            <title>Prior award: LTER IV: Jornada Basin: Linkages in Semi-arid Landscapes</title>
            <awardUrl>https://www.nsf.gov/awardsearch/showAward?AWD_ID=0080412</awardUrl>
         </award>
         <award>
            <funderName>National Science Foundation</funderName>
            <awardNumber>DEB 9411971</awardNumber>
            <title>Prior award: LTER: The Chihuahuan Desert (The Jornada LTER III Consortium)</title>
            <awardUrl>https://www.nsf.gov/awardsearch/showAward?AWD_ID=9411971</awardUrl>
         </award>
         <award>
            <funderName>National Science Foundation</funderName>
            <awardNumber>DEB 8811160, 9240261</awardNumber>
            <title>Prior award: Interactions in Time and Space Variability in a Chihuahuan Desert Ecosystem: Jornada LTER (II)</title>
         </award>
         <award>
            <funderName>National Science Foundation</funderName>
            <awardNumber>DEB 8114466, 8612106</awardNumber>
            <title>Prior award: Interactions of Time and Space Variability in a Chihuahuan Desert Ecosystem in New Mexico (Jornada LTER I)</title>
         </award>
      </project>
      <dataTable id="96d78e1360995da0ddd418dd0ffd7aa2" scope="document" system="https://pasta.edirepository.org">
         <entityName>Spring and Fall plant cover and height measurements from Ecotone study, 2005-ongoing</entityName>
         <entityDescription>Add description</entityDescription>
         <physical>
            <objectName>Ecotone_quadrat_plant_cover.csv</objectName>
            <size unit="byte">14247968</size>
            <authentication method="MD5">db9e2c8788293f10804700907c696f4b</authentication>
            <dataFormat>
               <textFormat>
                  <numHeaderLines>1</numHeaderLines>
                  <numFooterLines>0</numFooterLines>
                  <recordDelimiter>\n</recordDelimiter>
                  <attributeOrientation>column</attributeOrientation>
                  <simpleDelimited>
                     <fieldDelimiter>,</fieldDelimiter>
                     <quoteCharacter>"</quoteCharacter>
                  </simpleDelimited>
               </textFormat>
            </dataFormat>
            <distribution>
               <online>
                  <url function="download">https://pasta.lternet.edu/package/data/eml/knb-lter-jrn/210262001/11/96d78e1360995da0ddd418dd0ffd7aa2</url>
               </online>
            </distribution>
         </physical>
         <attributeList>
            <attribute id="d210262001-e1-att1">
               <attributeName>year</attributeName>
               <attributeLabel>year</attributeLabel>
               <attributeDefinition>year of measurement</attributeDefinition>
               <storageType>date</storageType>
               <measurementScale>
                  <dateTime>
                     <formatString>YYYY</formatString>
                     <dateTimePrecision>1</dateTimePrecision>
                     <dateTimeDomain/>
                  </dateTime>
               </measurementScale>
            </attribute>
            <attribute id="d210262001-e1-att2">
               <attributeName>date</attributeName>
               <attributeLabel>date</attributeLabel>
               <attributeDefinition>date of measurement</attributeDefinition>
               <storageType>date</storageType>
               <measurementScale>
                  <dateTime>
                     <formatString>YYYY-MM-DD</formatString>
                     <dateTimePrecision>1</dateTimePrecision>
                     <dateTimeDomain/>
                  </dateTime>
               </measurementScale>
            </attribute>
            <attribute id="d210262001-e1-att3">
               <attributeName>season</attributeName>
               <attributeLabel>season</attributeLabel>
               <attributeDefinition>season of measurement</attributeDefinition>
               <storageType>string</storageType>
               <measurementScale>
                  <nominal>
                     <nonNumericDomain>
                        <enumeratedDomain>
                           <codeDefinition>
                              <code>S</code>
                              <definition>Spring</definition>
                           </codeDefinition>
                           <codeDefinition>
                              <code>F</code>
                              <definition>Fall</definition>
                           </codeDefinition>
                        </enumeratedDomain>
                     </nonNumericDomain>
                  </nominal>
               </measurementScale>
            </attribute>
            <attribute id="d210262001-e1-att4">
               <attributeName>site</attributeName>
               <attributeLabel>site</attributeLabel>
               <attributeDefinition>site</attributeDefinition>
               <storageType>string</storageType>
               <measurementScale>
                  <nominal>
                     <nonNumericDomain>
                        <enumeratedDomain>
                           <codeDefinition>
                              <code>CDRRC Pasture 3</code>
                              <definition>Pasture 3 on the CDRRC</definition>
                           </codeDefinition>
                           <codeDefinition>
                              <code>JER Pasture 12A</code>
                              <definition>Pasture 12 A on the JER</definition>
                           </codeDefinition>
                           <codeDefinition>
                              <code>JER Pasture 9</code>
                              <definition>Pasture 9 on the JER</definition>
                           </codeDefinition>
                        </enumeratedDomain>
                     </nonNumericDomain>
                  </nominal>
               </measurementScale>
            </attribute>
            <attribute id="d210262001-e1-att5">
               <attributeName>zone</attributeName>
               <attributeLabel>zone</attributeLabel>
               <attributeDefinition>habitat zone within site</attributeDefinition>
               <storageType>string</storageType>
               <measurementScale>
                  <nominal>
                     <nonNumericDomain>
                        <enumeratedDomain>
                           <codeDefinition>
                              <code>E</code>
                              <definition>Ecotone habitat portion of site</definition>
                           </codeDefinition>
                           <codeDefinition>
                              <code>G</code>
                              <definition>Grassland habitat portion of site</definition>
                           </codeDefinition>
                           <codeDefinition>
                              <code>S</code>
                              <definition>Shrubland habitat portion of site</definition>
                           </codeDefinition>
                        </enumeratedDomain>
                     </nonNumericDomain>
                  </nominal>
               </measurementScale>
            </attribute>
            <attribute id="d210262001-e1-att6">
               <attributeName>row</attributeName>
               <attributeLabel>row</attributeLabel>
               <attributeDefinition>row of quadrat within habitat zone</attributeDefinition>
               <storageType>string</storageType>
               <measurementScale>
                  <nominal>
                     <nonNumericDomain>
                        <textDomain>
                           <definition>any text</definition>
                        </textDomain>
                     </nonNumericDomain>
                  </nominal>
               </measurementScale>
            </attribute>
            <attribute id="d210262001-e1-att7">
               <attributeName>quad</attributeName>
               <attributeLabel>quad</attributeLabel>
               <attributeDefinition>quadrat identification number</attributeDefinition>
               <storageType>string</storageType>
               <measurementScale>
                  <nominal>
                     <nonNumericDomain>
                        <textDomain>
                           <definition>any text</definition>
                        </textDomain>
                     </nonNumericDomain>
                  </nominal>
               </measurementScale>
            </attribute>
            <attribute id="d210262001-e1-att8">
               <attributeName>LTER_code</attributeName>
               <attributeLabel>LTER code</attributeLabel>
               <attributeDefinition>JRN LTER plant species code</attributeDefinition>
               <storageType>string</storageType>
               <measurementScale>
                  <nominal>
                     <nonNumericDomain>
                        <textDomain>
                           <definition>any text</definition>
                        </textDomain>
                     </nonNumericDomain>
                  </nominal>
               </measurementScale>
            </attribute>
            <attribute id="d210262001-e1-att9">
               <attributeName>USDA_code</attributeName>
               <attributeLabel>USDA code</attributeLabel>
               <attributeDefinition>USDA Plants species code</attributeDefinition>
               <storageType>string</storageType>
               <measurementScale>
                  <nominal>
                     <nonNumericDomain>
                        <textDomain>
                           <definition>any text</definition>
                        </textDomain>
                     </nonNumericDomain>
                  </nominal>
               </measurementScale>
               <missingValueCode>
                  <code>NA</code>
                  <codeExplanation>Invalid/unknown code or value</codeExplanation>
               </missingValueCode>
            </attribute>
            <attribute id="d210262001-e1-att10">
               <attributeName>Species_binomial</attributeName>
               <attributeLabel>Species binomial</attributeLabel>
               <attributeDefinition>species binomial</attributeDefinition>
               <storageType>string</storageType>
               <measurementScale>
                  <nominal>
                     <nonNumericDomain>
                        <textDomain>
                           <definition>any text</definition>
                        </textDomain>
                     </nonNumericDomain>
                  </nominal>
               </measurementScale>
            </attribute>
            <attribute id="d210262001-e1-att11">
               <attributeName>cover</attributeName>
               <attributeLabel>cover</attributeLabel>
               <attributeDefinition>plant cover</attributeDefinition>
               <storageType>float</storageType>
               <measurementScale>
                  <ratio>
                     <unit>
                        <standardUnit>dimensionless</standardUnit>
                     </unit>
                     <numericDomain>
                        <numberType>real</numberType>
                     </numericDomain>
                  </ratio>
               </measurementScale>
               <missingValueCode>
                  <code>NA</code>
                  <codeExplanation>Not applicable or unknown</codeExplanation>
               </missingValueCode>
            </attribute>
            <attribute id="d210262001-e1-att12">
               <attributeName>ht</attributeName>
               <attributeLabel>height</attributeLabel>
               <attributeDefinition>plant height</attributeDefinition>
               <storageType>float</storageType>
               <measurementScale>
                  <ratio>
                     <unit>
                        <standardUnit>centimeter</standardUnit>
                     </unit>
                     <numericDomain>
                        <numberType>real</numberType>
                     </numericDomain>
                  </ratio>
               </measurementScale>
               <missingValueCode>
                  <code>NA</code>
                  <codeExplanation>Not applicable or unknown</codeExplanation>
               </missingValueCode>
            </attribute>
            <attribute id="d210262001-e1-att13">
               <attributeName>cnt</attributeName>
               <attributeLabel>count</attributeLabel>
               <attributeDefinition>count of the number of plants</attributeDefinition>
               <storageType>float</storageType>
               <measurementScale>
                  <ratio>
                     <unit>
                        <standardUnit>dimensionless</standardUnit>
                     </unit>
                     <numericDomain>
                        <numberType>real</numberType>
                     </numericDomain>
                  </ratio>
               </measurementScale>
               <missingValueCode>
                  <code>NA</code>
                  <codeExplanation>Not applicable or unknown</codeExplanation>
               </missingValueCode>
            </attribute>
            <attribute id="d210262001-e1-att14">
               <attributeName>phen</attributeName>
               <attributeLabel>phenology</attributeLabel>
               <attributeDefinition>plant phenology class</attributeDefinition>
               <storageType>string</storageType>
               <measurementScale>
                  <nominal>
                     <nonNumericDomain>
                        <enumeratedDomain>
                           <codeDefinition>
                              <code>V</code>
                              <definition>Vegetative</definition>
                           </codeDefinition>
                           <codeDefinition>
                              <code>F</code>
                              <definition>Flowering or reproductive state</definition>
                           </codeDefinition>
                        </enumeratedDomain>
                     </nonNumericDomain>
                  </nominal>
               </measurementScale>
               <missingValueCode>
                  <code>NA</code>
                  <codeExplanation>Not applicable or unknown</codeExplanation>
               </missingValueCode>
            </attribute>
            <attribute id="d210262001-e1-att15">
               <attributeName>habit</attributeName>
               <attributeLabel>habit</attributeLabel>
               <attributeDefinition>plant habit</attributeDefinition>
               <storageType>string</storageType>
               <measurementScale>
                  <nominal>
                     <nonNumericDomain>
                        <enumeratedDomain>
                           <codeDefinition>
                              <code>P</code>
                              <definition>Perennial</definition>
                           </codeDefinition>
                           <codeDefinition>
                              <code>A</code>
                              <definition>Annual</definition>
                           </codeDefinition>
                           <codeDefinition>
                              <code>B</code>
                              <definition>Biennial</definition>
                           </codeDefinition>
                        </enumeratedDomain>
                     </nonNumericDomain>
                  </nominal>
               </measurementScale>
               <missingValueCode>
                  <code>NA</code>
                  <codeExplanation>Not applicable or unknown</codeExplanation>
               </missingValueCode>
            </attribute>
            <attribute id="d210262001-e1-att16">
               <attributeName>form</attributeName>
               <attributeLabel>form</attributeLabel>
               <attributeDefinition>plant form</attributeDefinition>
               <storageType>string</storageType>
               <measurementScale>
                  <nominal>
                     <nonNumericDomain>
                        <enumeratedDomain>
                           <codeDefinition>
                              <code>ST-SU</code>
                              <definition>Stem succulent form/functional type</definition>
                           </codeDefinition>
                           <codeDefinition>
                              <code>FORB</code>
                              <definition>Forb or broad-leaved herb form/functional type</definition>
                           </codeDefinition>
                           <codeDefinition>
                              <code>GRASS</code>
                              <definition>Grass or graminoid form/functional type</definition>
                           </codeDefinition>
                           <codeDefinition>
                              <code>SHRUB</code>
                              <definition>Shrub form/functional type</definition>
                           </codeDefinition>
                           <codeDefinition>
                              <code>S-SHR</code>
                              <definition>Sub-shrub form/functional type</definition>
                           </codeDefinition>
                           <codeDefinition>
                              <code>LF-SU</code>
                              <definition>Leaf succulent form/functional type</definition>
                           </codeDefinition>
                           <codeDefinition>
                              <code>VINE</code>
                              <definition>Vine form/functional type</definition>
                           </codeDefinition>
                        </enumeratedDomain>
                     </nonNumericDomain>
                  </nominal>
               </measurementScale>
               <missingValueCode>
                  <code>NA</code>
                  <codeExplanation>Missing value - data not collected or otherwise unavailable</codeExplanation>
               </missingValueCode>
            </attribute>
         </attributeList>
         <numberOfRecords>158714</numberOfRecords>
      </dataTable>
   </dataset>
   <additionalMetadata>
      <metadata>
         <unitList>
            <unit abbreviation="cm" id="centimeter" multiplierToSI="0.01" name="centimeter" parentSI="meter">
               <description>.01 meters</description>
            </unit>
            <unit id="dimensionless" name="dimensionless" unitType="dimensionless">
               <description>a designation asserting the absence of an associated unit</description>
            </unit>
         </unitList>
      </metadata>
   </additionalMetadata>
</eml:eml>
