<?xml version="1.0"?>
<gmd:MD_Metadata xmlns:gmd="http://www.isotc211.org/2005/gmd" xmlns:xsi="http://www.w3.org/2001/XMLSchema-instance" xmlns:srv="http://www.isotc211.org/2005/srv" xmlns:gco="http://www.isotc211.org/2005/gco" xmlns:gts="http://www.isotc211.org/2005/gts" xmlns:gml="http://www.opengis.net/gml" xmlns:eml="https://eml.ecoinformatics.org/eml-2.2.0" xmlns:gmx="http://www.isotc211.org/2005/gmx" xmlns:xlink="http://www.w3.org/1999/xlink" xsi:schemaLocation="http://www.isotc211.org/2005/gmd http://schemas.opengis.net/iso/19139/20060504/gmd/gmd.xsd"><gmd:fileIdentifier><gco:CharacterString>knb-lter-jrn.210379002</gco:CharacterString></gmd:fileIdentifier><gmd:language><gco:CharacterString>eng</gco:CharacterString></gmd:language><gmd:characterSet><gmd:MD_CharacterSetCode codeList="https://www.ngdc.noaa.gov/metadata/published/xsd/schema/resources/Codelist/gmxCodelists.xml#gmd:MD_CharacterSetCode" codeListValue="utf8">utf8</gmd:MD_CharacterSetCode></gmd:characterSet><gmd:hierarchyLevel><gmd:MD_ScopeCode codeList="https://www.ngdc.noaa.gov/metadata/published/xsd/schema/resources/Codelist/gmxCodelists.xml#gmd:MD_ScopeCode" codeListValue="dataset">dataset</gmd:MD_ScopeCode></gmd:hierarchyLevel><gmd:contact><gmd:CI_ResponsibleParty><gmd:individualName gco:nilReason="missing"/><gmd:organisationName><gco:CharacterString>Jornada Basin LTER/New Mexico State University</gco:CharacterString></gmd:organisationName><gmd:positionName><gco:CharacterString>Jornada Basin LTER program</gco:CharacterString></gmd:positionName><gmd:contactInfo><gmd:CI_Contact><gmd:phone><gmd:CI_Telephone><gmd:voice gco:nilReason="missing"/></gmd:CI_Telephone></gmd:phone><gmd:address><gmd:CI_Address><gmd:deliveryPoint><gco:CharacterString>P.O. Box 30003; MSC 3JER New Mexico State University</gco:CharacterString></gmd:deliveryPoint><gmd:city><gco:CharacterString>Las Cruces</gco:CharacterString></gmd:city><gmd:administrativeArea><gco:CharacterString>NM</gco:CharacterString></gmd:administrativeArea><gmd:postalCode><gco:CharacterString>88003-8003</gco:CharacterString></gmd:postalCode><gmd:country><gco:CharacterString>USA</gco:CharacterString></gmd:country><gmd:electronicMailAddress><gco:CharacterString>jornada.lter@nmsu.edu</gco:CharacterString></gmd:electronicMailAddress></gmd:CI_Address></gmd:address><gmd:onlineResource><gmd:CI_OnlineResource><gmd:linkage gco:nilReason="missing"/></gmd:CI_OnlineResource></gmd:onlineResource><gmd:hoursOfService gco:nilReason="missing"/><gmd:contactInstructions gco:nilReason="missing"/></gmd:CI_Contact></gmd:contactInfo><gmd:role><gmd:CI_RoleCode codeList="https://www.ngdc.noaa.gov/metadata/published/xsd/schema/resources/Codelist/gmxCodelists.xml#gmd:CI_RoleCode" codeListValue="pointOfContact">pointOfContact</gmd:CI_RoleCode></gmd:role></gmd:CI_ResponsibleParty></gmd:contact><gmd:dateStamp><gco:DateTime>2024-04-03T12:47:24-04:00</gco:DateTime></gmd:dateStamp><gmd:metadataStandardName><gco:CharacterString>ISO 19115</gco:CharacterString></gmd:metadataStandardName><gmd:metadataStandardVersion><gco:CharacterString>2003</gco:CharacterString></gmd:metadataStandardVersion><gmd:identificationInfo><gmd:MD_DataIdentification><gmd:citation><gmd:CI_Citation><gmd:title><gco:CharacterString>Locally verified monthly summary temperature and precipitation data from a NOAA weather station at USDA Jornada Experimental Range headquarters, southern New Mexico USA, 1914-1998</gco:CharacterString></gmd:title><gmd:date><gmd:CI_Date><gmd:date><gco:Date>2022-05-02</gco:Date></gmd:date><gmd:dateType><gmd:CI_DateTypeCode codeList="https://www.ngdc.noaa.gov/metadata/published/xsd/schema/resources/Codelist/gmxCodelists.xml#gmd:CI_DateTypeCode" codeListValue="publication">publication</gmd:CI_DateTypeCode></gmd:dateType></gmd:CI_Date></gmd:date><gmd:identifier><gmd:MD_Identifier><gmd:authority><gmd:CI_Citation><gmd:title><gco:CharacterString>Dataset DOI</gco:CharacterString></gmd:title><gmd:date><gmd:CI_Date><gmd:date><gco:Date>2021-01-26</gco:Date></gmd:date><gmd:dateType><gmd:CI_DateTypeCode codeList="http://standards.iso.org/iso/19139/resources/gmxCodelists.xml#CI_DateTypeCode" codeListValue="publication"/></gmd:dateType></gmd:CI_Date></gmd:date></gmd:CI_Citation></gmd:authority><gmd:code><gco:CharacterString>10.6073/pasta/862e7aa546c08c0f2ca1cb720b53a258</gco:CharacterString></gmd:code></gmd:MD_Identifier></gmd:identifier><gmd:citedResponsibleParty><gmd:CI_ResponsibleParty><gmd:individualName><gco:CharacterString>Elmer Wooton</gco:CharacterString></gmd:individualName><gmd:organisationName><gco:CharacterString>USDA-ARS Jornada Experimental Range</gco:CharacterString></gmd:organisationName><gmd:positionName gco:nilReason="missing"/><gmd:contactInfo><gmd:CI_Contact><gmd:phone><gmd:CI_Telephone><gmd:voice gco:nilReason="missing"/></gmd:CI_Telephone></gmd:phone><gmd:address><gmd:CI_Address><gmd:deliveryPoint><gco:CharacterString>P.O. Box 30003; MSC 3JER New Mexico State University</gco:CharacterString></gmd:deliveryPoint><gmd:city><gco:CharacterString>Las Cruces</gco:CharacterString></gmd:city><gmd:administrativeArea><gco:CharacterString>NM</gco:CharacterString></gmd:administrativeArea><gmd:postalCode><gco:CharacterString>88003-8003</gco:CharacterString></gmd:postalCode><gmd:country><gco:CharacterString>U.S.A.</gco:CharacterString></gmd:country><gmd:electronicMailAddress gco:nilReason="missing"/></gmd:CI_Address></gmd:address><gmd:onlineResource><gmd:CI_OnlineResource><gmd:linkage gco:nilReason="missing"/></gmd:CI_OnlineResource></gmd:onlineResource><gmd:hoursOfService gco:nilReason="missing"/><gmd:contactInstructions gco:nilReason="missing"/></gmd:CI_Contact></gmd:contactInfo><gmd:role><gmd:CI_RoleCode codeList="https://www.ngdc.noaa.gov/metadata/published/xsd/schema/resources/Codelist/gmxCodelists.xml#gmd:CI_RoleCode" codeListValue="originator">originator</gmd:CI_RoleCode></gmd:role></gmd:CI_ResponsibleParty></gmd:citedResponsibleParty><gmd:citedResponsibleParty><gmd:CI_ResponsibleParty><gmd:individualName><gco:CharacterString>National Weather Service</gco:CharacterString></gmd:individualName><gmd:organisationName><gco:CharacterString>NOAA</gco:CharacterString></gmd:organisationName><gmd:positionName gco:nilReason="missing"/><gmd:contactInfo><gmd:CI_Contact><gmd:phone><gmd:CI_Telephone><gmd:voice gco:nilReason="missing"/></gmd:CI_Telephone></gmd:phone><gmd:address><gmd:CI_Address><gmd:city gco:nilReason="missing"/><gmd:administrativeArea gco:nilReason="missing"/><gmd:postalCode gco:nilReason="missing"/><gmd:country gco:nilReason="missing"/><gmd:electronicMailAddress gco:nilReason="missing"/></gmd:CI_Address></gmd:address><gmd:onlineResource><gmd:CI_OnlineResource><gmd:linkage gco:nilReason="missing"/></gmd:CI_OnlineResource></gmd:onlineResource><gmd:hoursOfService gco:nilReason="missing"/><gmd:contactInstructions gco:nilReason="missing"/></gmd:CI_Contact></gmd:contactInfo><gmd:role><gmd:CI_RoleCode codeList="https://www.ngdc.noaa.gov/metadata/published/xsd/schema/resources/Codelist/gmxCodelists.xml#gmd:CI_RoleCode" codeListValue="originator">originator</gmd:CI_RoleCode></gmd:role></gmd:CI_ResponsibleParty></gmd:citedResponsibleParty><gmd:citedResponsibleParty><gmd:CI_ResponsibleParty><gmd:individualName><gco:CharacterString>David Thatcher</gco:CharacterString></gmd:individualName><gmd:organisationName><gco:CharacterString>USDA-ARS Jornada Experimental Range</gco:CharacterString></gmd:organisationName><gmd:positionName gco:nilReason="missing"/><gmd:contactInfo><gmd:CI_Contact><gmd:phone><gmd:CI_Telephone><gmd:voice gco:nilReason="missing"/></gmd:CI_Telephone></gmd:phone><gmd:address><gmd:CI_Address><gmd:deliveryPoint><gco:CharacterString>P.O. Box 30003; MSC 3JER New Mexico State University</gco:CharacterString></gmd:deliveryPoint><gmd:city><gco:CharacterString>Las Cruces</gco:CharacterString></gmd:city><gmd:administrativeArea><gco:CharacterString>NM</gco:CharacterString></gmd:administrativeArea><gmd:postalCode><gco:CharacterString>88003-8003</gco:CharacterString></gmd:postalCode><gmd:country><gco:CharacterString>U.S.A.</gco:CharacterString></gmd:country><gmd:electronicMailAddress gco:nilReason="missing"/></gmd:CI_Address></gmd:address><gmd:onlineResource><gmd:CI_OnlineResource><gmd:linkage gco:nilReason="missing"/></gmd:CI_OnlineResource></gmd:onlineResource><gmd:hoursOfService gco:nilReason="missing"/><gmd:contactInstructions gco:nilReason="missing"/></gmd:CI_Contact></gmd:contactInfo><gmd:role><gmd:CI_RoleCode codeList="https://www.ngdc.noaa.gov/metadata/published/xsd/schema/resources/Codelist/gmxCodelists.xml#gmd:CI_RoleCode" codeListValue="originator">originator</gmd:CI_RoleCode></gmd:role></gmd:CI_ResponsibleParty></gmd:citedResponsibleParty><gmd:citedResponsibleParty><gmd:CI_ResponsibleParty><gmd:individualName><gco:CharacterString>John Anderson; orcid=0000-0002-6417-8022</gco:CharacterString></gmd:individualName><gmd:organisationName><gco:CharacterString>Jornada Basin LTER/New Mexico State University</gco:CharacterString></gmd:organisationName><gmd:positionName><gco:CharacterString>Jornada Research Site Manager</gco:CharacterString></gmd:positionName><gmd:contactInfo><gmd:CI_Contact><gmd:phone><gmd:CI_Telephone><gmd:voice gco:nilReason="missing"/></gmd:CI_Telephone></gmd:phone><gmd:address><gmd:CI_Address><gmd:deliveryPoint><gco:CharacterString>P.O. Box 30003; MSC 3JER New Mexico State University</gco:CharacterString></gmd:deliveryPoint><gmd:city><gco:CharacterString>Las Cruces</gco:CharacterString></gmd:city><gmd:administrativeArea><gco:CharacterString>NM</gco:CharacterString></gmd:administrativeArea><gmd:postalCode><gco:CharacterString>88003-8003</gco:CharacterString></gmd:postalCode><gmd:country><gco:CharacterString>U.S.A.</gco:CharacterString></gmd:country><gmd:electronicMailAddress><gco:CharacterString>janderso@jornada.nmsu.edu</gco:CharacterString></gmd:electronicMailAddress></gmd:CI_Address></gmd:address><gmd:onlineResource><gmd:CI_OnlineResource><gmd:linkage gco:nilReason="missing"/></gmd:CI_OnlineResource></gmd:onlineResource><gmd:hoursOfService gco:nilReason="missing"/><gmd:contactInstructions gco:nilReason="missing"/></gmd:CI_Contact></gmd:contactInfo><gmd:role><gmd:CI_RoleCode codeList="https://www.ngdc.noaa.gov/metadata/published/xsd/schema/resources/Codelist/gmxCodelists.xml#gmd:CI_RoleCode" codeListValue="originator">originator</gmd:CI_RoleCode></gmd:role></gmd:CI_ResponsibleParty></gmd:citedResponsibleParty><gmd:citedResponsibleParty><gmd:CI_ResponsibleParty><gmd:individualName><gco:CharacterString>Kris Havstad; orcid=0000-0002-0133-8519</gco:CharacterString></gmd:individualName><gmd:organisationName><gco:CharacterString>USDA-ARS Jornada Experimental Range</gco:CharacterString></gmd:organisationName><gmd:positionName gco:nilReason="missing"/><gmd:contactInfo><gmd:CI_Contact><gmd:phone><gmd:CI_Telephone><gmd:voice gco:nilReason="missing"/></gmd:CI_Telephone></gmd:phone><gmd:address><gmd:CI_Address><gmd:deliveryPoint><gco:CharacterString>P.O. Box 30003; MSC 3JER New Mexico State University</gco:CharacterString></gmd:deliveryPoint><gmd:city><gco:CharacterString>Las Cruces</gco:CharacterString></gmd:city><gmd:administrativeArea><gco:CharacterString>NM</gco:CharacterString></gmd:administrativeArea><gmd:postalCode><gco:CharacterString>88003-8003</gco:CharacterString></gmd:postalCode><gmd:country><gco:CharacterString>U.S.A.</gco:CharacterString></gmd:country><gmd:electronicMailAddress gco:nilReason="missing"/></gmd:CI_Address></gmd:address><gmd:onlineResource><gmd:CI_OnlineResource><gmd:linkage gco:nilReason="missing"/></gmd:CI_OnlineResource></gmd:onlineResource><gmd:hoursOfService gco:nilReason="missing"/><gmd:contactInstructions gco:nilReason="missing"/></gmd:CI_Contact></gmd:contactInfo><gmd:role><gmd:CI_RoleCode codeList="https://www.ngdc.noaa.gov/metadata/published/xsd/schema/resources/Codelist/gmxCodelists.xml#gmd:CI_RoleCode" codeListValue="originator">originator</gmd:CI_RoleCode></gmd:role></gmd:CI_ResponsibleParty></gmd:citedResponsibleParty><gmd:citedResponsibleParty><gmd:CI_ResponsibleParty><gmd:organisationName><gco:CharacterString>Environmental Data Initiative (EDI)</gco:CharacterString></gmd:organisationName><gmd:contactInfo><gmd:CI_Contact><gmd:onlineResource><gmd:CI_OnlineResource><gmd:linkage><gmd:URL>https://portal.edirepository.org/nis</gmd:URL></gmd:linkage><gmd:protocol><gco:CharacterString>HTTP</gco:CharacterString></gmd:protocol><gmd:applicationProfile><gco:CharacterString>Web Browser</gco:CharacterString></gmd:applicationProfile><gmd:name><gco:CharacterString>Environmental Data Initiative (EDI)</gco:CharacterString></gmd:name><gmd:description><gco:CharacterString>The EDI Data Portal contains environmental and ecological data packages contributed by a number of participating organizations. Data providers make every effort to release data in a timely fashion and with attention to accurate, well-designed and well-documented data. To understand data fully, please read the associated metadata and contact data providers if you have any questions. Data may be used in a manner conforming with the license information found in the &#x201C;Intellectual Rights&#x201D; section of the data package metadata or defaults to the EDI Data Policy. The Environmental Data Initiative shall not be liable for any damages resulting from misinterpretation or misuse of the data or metadata.</gco:CharacterString></gmd:description><gmd:function><gmd:CI_OnLineFunctionCode codeList="http://standards.iso.org/ittf/PubliclyAvailableStandards/ISO_19139_Schemas/resources/codelist/gmxCodelists.xml#CI_OnLineFunctionCode" codeListValue="information">information</gmd:CI_OnLineFunctionCode></gmd:function></gmd:CI_OnlineResource></gmd:onlineResource></gmd:CI_Contact></gmd:contactInfo><gmd:role><gmd:CI_RoleCode codeList="http://standards.iso.org/ittf/PubliclyAvailableStandards/ISO_19139_Schemas/resources/codelist/gmxCodelists.xml#CI_RoleCode" codeListValue="publisher">Publisher</gmd:CI_RoleCode></gmd:role></gmd:CI_ResponsibleParty></gmd:citedResponsibleParty></gmd:CI_Citation></gmd:citation><gmd:abstract><gco:CharacterString>This data package contains locally verified monthly meteorological observations from a NOAA National Weather Service station located at the USDA Jornada Experimental Range headquarters in southern New Mexico, USA. Monthly summary data (based on daily observations) has been collected there by USDA staff since 1914 for minimum and maximum air temperature and daily accumulated precipitation using standard U.S. climatological service instrumentation and procedures. The included data were verified and transcribed directly from the original paper data sheets and have undergone quality control and assurance procedures different than those in place at NOAA. These data therefore differ from those directly downloadable from NOAA servers. Local verification and transcription of observations from the data sheets ceased in 1998 and data are now directly entered to the NOAA system. Therefore, this dataset is complete and will no longer be added to.All observations from this weather station have also undergone NOAA QA/QC procedures and those data are available by accessing the Jornada Experimental Range, NM US GHCN station through the National Climatic Data Center portal https://www.ncdc.noaa.gov/cdo-web/datasets/GSOM/stations/GHCND:USC00294426/detail - daily and monthly data are available).</gco:CharacterString></gmd:abstract><gmd:purpose gco:nilReason="missing"/><gmd:pointOfContact><gmd:CI_ResponsibleParty><gmd:individualName><gco:CharacterString/></gmd:individualName><gmd:organisationName><gco:CharacterString>Data Manager</gco:CharacterString></gmd:organisationName><gmd:positionName gco:nilReason="missing"/><gmd:contactInfo><gmd:CI_Contact><gmd:phone><gmd:CI_Telephone><gmd:voice gco:nilReason="missing"/></gmd:CI_Telephone></gmd:phone><gmd:address><gmd:CI_Address><gmd:city gco:nilReason="missing"/><gmd:administrativeArea gco:nilReason="missing"/><gmd:postalCode gco:nilReason="missing"/><gmd:country gco:nilReason="missing"/><gmd:electronicMailAddress><gco:CharacterString>jornada.data@nmsu.edu</gco:CharacterString></gmd:electronicMailAddress></gmd:CI_Address></gmd:address><gmd:onlineResource><gmd:CI_OnlineResource><gmd:linkage gco:nilReason="missing"/></gmd:CI_OnlineResource></gmd:onlineResource><gmd:hoursOfService gco:nilReason="missing"/><gmd:contactInstructions gco:nilReason="missing"/></gmd:CI_Contact></gmd:contactInfo><gmd:role><gmd:CI_RoleCode codeList="https://www.ngdc.noaa.gov/metadata/published/xsd/schema/resources/Codelist/gmxCodelists.xml#gmd:CI_RoleCode" codeListValue="pointOfContact">pointOfContact</gmd:CI_RoleCode></gmd:role></gmd:CI_ResponsibleParty></gmd:pointOfContact><gmd:resourceMaintenance test="dataset/maintenance/maintenanceUpdateFrequency"><gmd:MD_MaintenanceInformation><gmd:maintenanceAndUpdateFrequency><gmd:MD_MaintenanceFrequencyCode codeList="http://standards.iso.org/iso/19139/resources/gmxCodelists.xml#MD_MaintenanceFrequencyCode" codeListValue="notPlanned"/></gmd:maintenanceAndUpdateFrequency></gmd:MD_MaintenanceInformation></gmd:resourceMaintenance><gmd:descriptiveKeywords><gmd:MD_Keywords><gmd:keyword><gco:CharacterString>Disturbance</gco:CharacterString></gmd:keyword><gmd:thesaurusName><gmd:CI_Citation xmlns:geonet="http://www.fao.org/geonetwork"><gmd:title><gco:CharacterString>Keyword Thesaurus Title</gco:CharacterString></gmd:title></gmd:CI_Citation></gmd:thesaurusName></gmd:MD_Keywords></gmd:descriptiveKeywords><gmd:descriptiveKeywords>
    <gmd:MD_Keywords>
        
        <gmd:keyword>
                        <gco:CharacterString>JRN LTER is funded by the National Science Foundation under award DEB 2025166.</gco:CharacterString>
                    </gmd:keyword><gmd:keyword>
                        <gco:CharacterString>USDA-ARS</gco:CharacterString>
                    </gmd:keyword><gmd:type>
            <gmd:MD_KeywordTypeCode codeList="http://standards.iso.org/iso/19139/resources/gmxCodelists.xml#MD_KeywordTypeCode" codeListValue="theme"/>
        </gmd:type>
        <gmd:thesaurusName>
            <gmd:CI_Citation>
                <gmd:title>
                    <gco:CharacterString>Crossref Funding</gco:CharacterString>
                </gmd:title>
                <gmd:alternateTitle>
                    <gco:CharacterString>Crossref Open Funder Registry</gco:CharacterString>
                </gmd:alternateTitle>
                <gmd:date>
                    <gmd:CI_Date>
                        <gmd:date>
                            <gco:Date>2016-08-11</gco:Date>
                        </gmd:date>
                        <gmd:dateType>
                            <gmd:CI_DateTypeCode codeList="http://standards.iso.org/iso/19139/resources/gmxCodelists.xml#CI_DateTypeCode" codeListValue="revision">revision</gmd:CI_DateTypeCode>
                        </gmd:dateType>
                    </gmd:CI_Date>
                </gmd:date>
                <gmd:edition>
                    <gco:CharacterString>1.2</gco:CharacterString>
                </gmd:edition>
                <gmd:citedResponsibleParty>
                    <gmd:CI_ResponsibleParty uuid="814c1d4e-330a-4755-9f61-45cc24af2a8c">
                        <gmd:organisationName>
                            <gco:CharacterString>crossref.org</gco:CharacterString>
                        </gmd:organisationName>
                        <gmd:contactInfo>
                            <gmd:CI_Contact>
                                <gmd:onlineResource>
                                    <gmd:CI_OnlineResource>
                                        <gmd:linkage>
                                            <gmd:URL>https://www.crossref.org/services/funder-registry/</gmd:URL>
                                        </gmd:linkage>
                                        <gmd:protocol>
                                            <gco:CharacterString>HTTP</gco:CharacterString>
                                        </gmd:protocol>
                                        <gmd:applicationProfile>
                                            <gco:CharacterString>Web Browser</gco:CharacterString>
                                        </gmd:applicationProfile>
                                        <gmd:name>
                                            <gco:CharacterString>Open Funder Registry</gco:CharacterString>
                                        </gmd:name>
                                        <gmd:description>
                                            <gco:CharacterString>Funding data provides a standard way to report funding sources for published scholarly research. Publishers deposit funding information from articles and other content using a standard taxonomy of funder names.</gco:CharacterString>
                                        </gmd:description>
                                        <gmd:function>
                                            <gmd:CI_OnLineFunctionCode codeList="http://standards.iso.org/ittf/PubliclyAvailableStandards/ISO_19139_Schemas/resources/codelist/gmxCodelists.xml#CI_OnLineFunctionCode" codeListValue="information">information</gmd:CI_OnLineFunctionCode>
                                        </gmd:function>
                                    </gmd:CI_OnlineResource>
                                </gmd:onlineResource>
                            </gmd:CI_Contact>
                        </gmd:contactInfo>
                        <gmd:role>
                            <gmd:CI_RoleCode codeList="http://standards.iso.org/ittf/PubliclyAvailableStandards/ISO_19139_Schemas/resources/codelist/gmxCodelists.xml#CI_RoleCode" codeListValue="resourceProvider">Resource Provider</gmd:CI_RoleCode>
                        </gmd:role>
                    </gmd:CI_ResponsibleParty>
                </gmd:citedResponsibleParty>
                <gmd:otherCitationDetails>
                    <gco:CharacterString>A common taxonomy of over 11,000 funding body names that funding data initiative participants should use to normalize Funder Names and IDs.</gco:CharacterString>
                </gmd:otherCitationDetails>
            </gmd:CI_Citation>
        </gmd:thesaurusName>
    </gmd:MD_Keywords>
</gmd:descriptiveKeywords><gmd:descriptiveKeywords><gmd:MD_Keywords><gmd:keyword><gco:CharacterString>Disturbance</gco:CharacterString></gmd:keyword><gmd:keyword><gco:CharacterString>air temperature</gco:CharacterString></gmd:keyword><gmd:keyword><gco:CharacterString>atmospheric processes</gco:CharacterString></gmd:keyword><gmd:keyword><gco:CharacterString>climate</gco:CharacterString></gmd:keyword><gmd:keyword><gco:CharacterString>deserts</gco:CharacterString></gmd:keyword><gmd:keyword><gco:CharacterString>hydrologic processes</gco:CharacterString></gmd:keyword><gmd:keyword><gco:CharacterString>long term</gco:CharacterString></gmd:keyword><gmd:keyword><gco:CharacterString>maximum temperature</gco:CharacterString></gmd:keyword><gmd:keyword><gco:CharacterString>meteorology</gco:CharacterString></gmd:keyword><gmd:keyword><gco:CharacterString>minimum temperature</gco:CharacterString></gmd:keyword><gmd:keyword><gco:CharacterString>precipitation</gco:CharacterString></gmd:keyword><gmd:keyword><gco:CharacterString>rain</gco:CharacterString></gmd:keyword><gmd:keyword><gco:CharacterString>temperature</gco:CharacterString></gmd:keyword><gmd:thesaurusName><gmd:CI_Citation xmlns:geonet="http://www.fao.org/geonetwork"><gmd:title><gco:CharacterString>Keyword Thesaurus Title</gco:CharacterString></gmd:title></gmd:CI_Citation></gmd:thesaurusName></gmd:MD_Keywords></gmd:descriptiveKeywords><gmd:descriptiveKeywords><gmd:MD_Keywords><gmd:keyword><gco:CharacterString>LTAR</gco:CharacterString></gmd:keyword><gmd:keyword><gco:CharacterString>NOAA</gco:CharacterString></gmd:keyword><gmd:keyword><gco:CharacterString>NWS</gco:CharacterString></gmd:keyword><gmd:keyword><gco:CharacterString>meteorology</gco:CharacterString></gmd:keyword><gmd:keyword><gco:CharacterString>monthly</gco:CharacterString></gmd:keyword><gmd:keyword><gco:CharacterString>precipitation</gco:CharacterString></gmd:keyword><gmd:keyword><gco:CharacterString>rain</gco:CharacterString></gmd:keyword><gmd:keyword><gco:CharacterString>weather station</gco:CharacterString></gmd:keyword><gmd:thesaurusName><gmd:CI_Citation xmlns:geonet="http://www.fao.org/geonetwork"><gmd:title><gco:CharacterString>Keyword Thesaurus Title</gco:CharacterString></gmd:title></gmd:CI_Citation></gmd:thesaurusName></gmd:MD_Keywords></gmd:descriptiveKeywords><gmd:descriptiveKeywords><gmd:MD_Keywords><gmd:keyword><gco:CharacterString>LTAR</gco:CharacterString></gmd:keyword><gmd:keyword><gco:CharacterString>USDA</gco:CharacterString></gmd:keyword><gmd:keyword><gco:CharacterString>long-term</gco:CharacterString></gmd:keyword><gmd:thesaurusName><gmd:CI_Citation xmlns:geonet="http://www.fao.org/geonetwork"><gmd:title><gco:CharacterString>Keyword Thesaurus Title</gco:CharacterString></gmd:title></gmd:CI_Citation></gmd:thesaurusName></gmd:MD_Keywords></gmd:descriptiveKeywords><gmd:descriptiveKeywords><gmd:MD_Keywords><gmd:keyword><gco:CharacterString>study 379</gco:CharacterString></gmd:keyword><gmd:thesaurusName><gmd:CI_Citation xmlns:geonet="http://www.fao.org/geonetwork"><gmd:title><gco:CharacterString>Keyword Thesaurus Title</gco:CharacterString></gmd:title></gmd:CI_Citation></gmd:thesaurusName></gmd:MD_Keywords></gmd:descriptiveKeywords><gmd:descriptiveKeywords><gmd:MD_Keywords><gmd:keyword><gco:CharacterString>HQ</gco:CharacterString></gmd:keyword><gmd:keyword><gco:CharacterString>JER</gco:CharacterString></gmd:keyword><gmd:thesaurusName><gmd:CI_Citation xmlns:geonet="http://www.fao.org/geonetwork"><gmd:title><gco:CharacterString>Keyword Thesaurus Title</gco:CharacterString></gmd:title></gmd:CI_Citation></gmd:thesaurusName></gmd:MD_Keywords></gmd:descriptiveKeywords><gmd:descriptiveKeywords><gmd:MD_Keywords><gmd:keyword><gco:CharacterString>LTAR</gco:CharacterString></gmd:keyword><gmd:thesaurusName><gmd:CI_Citation xmlns:geonet="http://www.fao.org/geonetwork"><gmd:title><gco:CharacterString>Keyword Thesaurus Title</gco:CharacterString></gmd:title></gmd:CI_Citation></gmd:thesaurusName></gmd:MD_Keywords></gmd:descriptiveKeywords><gmd:descriptiveKeywords><gmd:MD_Keywords><gmd:keyword><gco:CharacterString>216</gco:CharacterString></gmd:keyword><gmd:keyword><gco:CharacterString>NSF &gt; LTER=Long-Term Ecological Research</gco:CharacterString></gmd:keyword><gmd:keyword><gco:CharacterString>USDA &gt; ARS &gt; Natural Resources and Sustainable Agricultural Systems National Program &gt; 216 Agricultural System Competitiveness and Sustainability</gco:CharacterString></gmd:keyword><gmd:type><gmd:MD_KeywordTypeCode codeListValue="theme" codeList="http://www.ngdc.noaa.gov/metadata/published/xsd/schema/resources/Codelist/gmxCodelists.xml#MD_KeywordTypeCode">theme</gmd:MD_KeywordTypeCode></gmd:type><gmd:thesaurusName><gmd:CI_Citation xmlns:geonet="http://www.fao.org/geonetwork"><gmd:title><gco:CharacterString>Keyword Thesaurus Title</gco:CharacterString></gmd:title></gmd:CI_Citation></gmd:thesaurusName></gmd:MD_Keywords></gmd:descriptiveKeywords><gmd:descriptiveKeywords><gmd:MD_Keywords><gmd:keyword><gco:CharacterString>Headquarters or unspecified: Jornada Experimental Range Headquarters. These generic coordinates may not necessarily specify  the location of the study. More precise geographic coordinates for this study may be requested from the JRN LTER Data Manager (jornada.data@nmsu.edu).  </gco:CharacterString></gmd:keyword><gmd:type><gmd:MD_KeywordTypeCode codeListValue="place" codeList="http://www.ngdc.noaa.gov/metadata/published/xsd/schema/resources/Codelist/gmxCodelists.xml#MD_KeywordTypeCode">place</gmd:MD_KeywordTypeCode></gmd:type><gmd:thesaurusName><gmd:CI_Citation xmlns:geonet="http://www.fao.org/geonetwork" uuid="36abb798-de40-4d75-ba45-864b43b2a49e"><gmd:title><gco:CharacterString>Geographical Coverage Location Description</gco:CharacterString></gmd:title><gmd:alternateTitle><gco:CharacterString>Spatial Geographical Coverage Location</gco:CharacterString></gmd:alternateTitle><gmd:date gco:nilReason="unknown"/><gmd:edition gco:nilReason="unknown"/></gmd:CI_Citation></gmd:thesaurusName></gmd:MD_Keywords></gmd:descriptiveKeywords><gmd:descriptiveKeywords><gmd:MD_Keywords><gmd:keyword><gco:CharacterString xmlns:geonet="http://www.fao.org/geonetwork">Department of
									Agriculture=5 &gt; National Research=005:040</gco:CharacterString></gmd:keyword><gmd:type><gmd:MD_KeywordTypeCode codeList="http://standards.iso.org/iso/19139/resources/gmxCodelists.xml#MD_KeywordTypeCode" codeListValue="theme"/></gmd:type><gmd:thesaurusName><gmd:CI_Citation xmlns:geonet="http://www.fao.org/geonetwork" uuid="36abb798-de40-4d75-ba45-864b43b2a49e"><gmd:title><gco:CharacterString>Federal Program Inventory</gco:CharacterString></gmd:title><gmd:alternateTitle><gco:CharacterString>US Federal Program Codes</gco:CharacterString></gmd:alternateTitle><gmd:date><gmd:CI_Date><gmd:date><gco:Date>2013-09-16</gco:Date></gmd:date><gmd:dateType><gmd:CI_DateTypeCode codeList="http://standards.iso.org/iso/19139/resources/gmxCodelists.xml#CI_DateTypeCode" codeListValue="revision"/></gmd:dateType></gmd:CI_Date></gmd:date><gmd:edition><gco:CharacterString>Fiscal Year 2013</gco:CharacterString></gmd:edition><gmd:citedResponsibleParty><gmd:CI_ResponsibleParty uuid="f1cc15d4-efc7-43d0-97d7-c619a824bfd0"><gmd:organisationName><gco:CharacterString>Office of Management and
													Budget</gco:CharacterString></gmd:organisationName><gmd:contactInfo><gmd:CI_Contact><gmd:onlineResource><gmd:CI_OnlineResource><gmd:linkage><gmd:URL>https://www.whitehouse.gov/omb</gmd:URL></gmd:linkage><gmd:protocol><gco:CharacterString>HTTP</gco:CharacterString></gmd:protocol><gmd:applicationProfile><gco:CharacterString>Web Browser</gco:CharacterString></gmd:applicationProfile><gmd:name><gco:CharacterString>Office of Management and
																	Budget</gco:CharacterString></gmd:name><gmd:description><gco:CharacterString>The Office of Management and Budget
																	(OMB) serves the President of the United States in
																	overseeing the implementation of his vision across
																	the Executive Branch. Specifically, OMB&#x2019;s mission is
																	to assist the President in meeting his policy,
																	budget, management and regulatory objectives and to
																	fulfill the agency&#x2019;s statutory
																	responsibilities.</gco:CharacterString></gmd:description><gmd:function><gmd:CI_OnLineFunctionCode codeList="http://standards.iso.org/iso/19139/resources/gmxCodelists.xml#CI_OnLineFunctionCode" codeListValue="information"/></gmd:function></gmd:CI_OnlineResource></gmd:onlineResource></gmd:CI_Contact></gmd:contactInfo><gmd:role><gmd:CI_RoleCode codeList="http://standards.iso.org/iso/19139/resources/gmxCodelists.xml#CI_RoleCode" codeListValue="originator "/></gmd:role></gmd:CI_ResponsibleParty></gmd:citedResponsibleParty><gmd:otherCitationDetails><gco:CharacterString>Office of Management and budget. File
											FederalProgramInventory_FY13_MachineReadable_091613.xls, current loation
											unknown.</gco:CharacterString></gmd:otherCitationDetails></gmd:CI_Citation></gmd:thesaurusName></gmd:MD_Keywords></gmd:descriptiveKeywords><gmd:descriptiveKeywords><gmd:MD_Keywords><gmd:keyword><gco:CharacterString>Creative Commons Attribution</gco:CharacterString></gmd:keyword><gmd:type><gmd:MD_KeywordTypeCode codeListValue="theme" codeList="http://www.ngdc.noaa.gov/metadata/published/xsd/schema/resources/Codelist/gmxCodelists.xml#MD_KeywordTypeCode">theme</gmd:MD_KeywordTypeCode></gmd:type><gmd:thesaurusName><gmd:CI_Citation><gmd:title><gco:CharacterString>Ag Data Commons Data License Type</gco:CharacterString></gmd:title><gmd:alternateTitle><gco:CharacterString>USDA National Agricultural Library Ag Data Commons Data License Type</gco:CharacterString></gmd:alternateTitle><gmd:date><gmd:CI_Date><gmd:date><gco:Date>2016</gco:Date></gmd:date><gmd:dateType><gmd:CI_DateTypeCode codeList="http://standards.iso.org/iso/19139/resources/gmxCodelists.xml#CI_DateTypeCode" codeListValue="publication"/></gmd:dateType></gmd:CI_Date></gmd:date><gmd:edition gco:nilReason="missing"><gco:CharacterString/></gmd:edition><gmd:citedResponsibleParty><gmd:CI_ResponsibleParty uuid="b5d99c43-4f69-444b-8bf2-185e1672110f"><gmd:individualName><gco:CharacterString>Erin Antognoli</gco:CharacterString></gmd:individualName><gmd:organisationName><gco:CharacterString>USDA National Agricultural Library</gco:CharacterString></gmd:organisationName><gmd:positionName><gco:CharacterString>* Ag Data Commons Metadata Librarian</gco:CharacterString></gmd:positionName><gmd:contactInfo><gmd:CI_Contact uuid="4c0071d9-d58f-4f59-b398-a0a6a50d1228"><gmd:phone><gmd:CI_Telephone><gmd:voice gco:nilReason="missing"><gco:CharacterString/></gmd:voice><gmd:facsimile gco:nilReason="missing"><gco:CharacterString/></gmd:facsimile></gmd:CI_Telephone></gmd:phone><gmd:address><gmd:CI_Address><gmd:deliveryPoint><gco:CharacterString>10301 Baltimore Ave</gco:CharacterString></gmd:deliveryPoint><gmd:city><gco:CharacterString>Beltsville</gco:CharacterString></gmd:city><gmd:administrativeArea><gco:CharacterString>MD</gco:CharacterString></gmd:administrativeArea><gmd:postalCode><gco:CharacterString>20705</gco:CharacterString></gmd:postalCode><gmd:country><gco:CharacterString>United States of America</gco:CharacterString></gmd:country><gmd:electronicMailAddress><gco:CharacterString>nal-adc-curator@ars.usda.gov</gco:CharacterString></gmd:electronicMailAddress></gmd:CI_Address></gmd:address><gmd:onlineResource><gmd:CI_OnlineResource uuid="95889d18-443b-4683-9c18-f95ae6b21e06"><gmd:linkage><gmd:URL>https://nal.usda.gov</gmd:URL></gmd:linkage><gmd:protocol><gco:CharacterString>HTTP</gco:CharacterString></gmd:protocol><gmd:applicationProfile><gco:CharacterString>Web Browser</gco:CharacterString></gmd:applicationProfile><gmd:name><gco:CharacterString>USDA National Agricultural Library</gco:CharacterString></gmd:name><gmd:description><gco:CharacterString>The National Agricultural Library is one of the national libraries of the United States and houses one of the world's largest collections devoted to agriculture and its related sciences.</gco:CharacterString></gmd:description><gmd:function><gmd:CI_OnLineFunctionCode codeList="http://standards.iso.org/iso/19139/resources/gmxCodelists.xml#CI_OnLineFunctionCode" codeListValue="information"/></gmd:function></gmd:CI_OnlineResource></gmd:onlineResource><gmd:contactInstructions><gco:CharacterString>Ag Data Commons Metadata Contact</gco:CharacterString></gmd:contactInstructions></gmd:CI_Contact></gmd:contactInfo><gmd:role><gmd:CI_RoleCode codeListValue="pointOfContact" codeList="http://standards.iso.org/iso/19139/resources/gmxCodelists.xml#CI_RoleCode"/></gmd:role></gmd:CI_ResponsibleParty></gmd:citedResponsibleParty><gmd:otherCitationDetails><gco:CharacterString>Creative Commons and other licenses recognized by Ag Data Commons</gco:CharacterString></gmd:otherCitationDetails></gmd:CI_Citation></gmd:thesaurusName></gmd:MD_Keywords></gmd:descriptiveKeywords><gmd:descriptiveKeywords><gmd:MD_Keywords><gmd:keyword><gco:CharacterString>Department of Agriculture=5 &gt; Agricultural Research Service=005:018</gco:CharacterString></gmd:keyword><gmd:type><gmd:MD_KeywordTypeCode codeList="http://standards.iso.org/iso/19139/resources/gmxCodelists.xml#MD_KeywordTypeCode" codeListValue="theme"/></gmd:type><gmd:thesaurusName><gmd:CI_Citation xmlns:geonet="http://www.fao.org/geonetwork" uuid="6ba5a0f5-d960-4e34-9cc9-80e5217961a7"><gmd:title><gco:CharacterString>OMB Bureau Codes</gco:CharacterString></gmd:title><gmd:alternateTitle><gco:CharacterString>Office of Management and Budget Bureau Codes</gco:CharacterString></gmd:alternateTitle><gmd:date><gmd:CI_Date><gmd:date><gco:Date>2016</gco:Date></gmd:date><gmd:dateType><gmd:CI_DateTypeCode codeList="http://standards.iso.org/iso/19139/resources/gmxCodelists.xml#CI_DateTypeCode" codeListValue="revision"/></gmd:dateType></gmd:CI_Date></gmd:date><gmd:edition><gco:CharacterString>2016</gco:CharacterString></gmd:edition><gmd:citedResponsibleParty><gmd:CI_ResponsibleParty uuid="2c1e8dfb-0975-4db8-9741-0e2b124dd64a"><gmd:organisationName><gco:CharacterString>OMB Bureau Codes</gco:CharacterString></gmd:organisationName><gmd:contactInfo><gmd:CI_Contact><gmd:onlineResource><gmd:CI_OnlineResource><gmd:linkage><gmd:URL>https://obamawhitehouse.archives.gov/sites/default/files/omb/assets/a11_current_year/app_c.pdf</gmd:URL></gmd:linkage><gmd:protocol><gco:CharacterString>HTTP</gco:CharacterString></gmd:protocol><gmd:applicationProfile><gco:CharacterString>Web Browser</gco:CharacterString></gmd:applicationProfile><gmd:name><gco:CharacterString>APPENDIX C&#x2014;LISTING OF OMB AGENCY/BUREAU AND TREASURY CODES</gco:CharacterString></gmd:name><gmd:description><gco:CharacterString>In the MAX system, OMB assigns and uses agency and bureau codes, which are associated with agency and bureau titles that are published in the Budget.PDF file.</gco:CharacterString></gmd:description><gmd:function><gmd:CI_OnLineFunctionCode codeList="http://standards.iso.org/iso/19139/resources/gmxCodelists.xml#CI_OnLineFunctionCode" codeListValue="information"/></gmd:function></gmd:CI_OnlineResource></gmd:onlineResource></gmd:CI_Contact></gmd:contactInfo><gmd:role><gmd:CI_RoleCode codeList="http://standards.iso.org/iso/19139/resources/gmxCodelists.xml#CI_RoleCode" codeListValue="resourceProvider"/></gmd:role></gmd:CI_ResponsibleParty></gmd:citedResponsibleParty><gmd:otherCitationDetails><gco:CharacterString>Complete list of bureau codes</gco:CharacterString></gmd:otherCitationDetails></gmd:CI_Citation></gmd:thesaurusName></gmd:MD_Keywords></gmd:descriptiveKeywords><gmd:descriptiveKeywords><gmd:MD_Keywords><gmd:keyword><gco:CharacterString>Jornada Basin</gco:CharacterString></gmd:keyword><gmd:type><gmd:MD_KeywordTypeCode codeList="http://standards.iso.org/iso/19139/resources/gmxCodelists.xml#MD_KeywordTypeCode" codeListValue="place"/></gmd:type></gmd:MD_Keywords></gmd:descriptiveKeywords><gmd:descriptiveKeywords><gmd:MD_Keywords><gmd:keyword><gco:CharacterString>United States Department of Agriculture &gt; Agricultural Research Service &gt; Long-Term Agroecosystem Research &gt; Jornada Experimental Range</gco:CharacterString></gmd:keyword><gmd:keyword><gco:CharacterString>USDA &gt; ARS &gt; Natural Resources and Sustainable Agricultural Systems National Program &gt; 216 Agricultural System Competitiveness and Sustainability</gco:CharacterString></gmd:keyword><gmd:type><gmd:MD_KeywordTypeCode codeList="http://standards.iso.org/iso/19139/resources/gmxCodelists.xml#MD_KeywordTypeCode" codeListValue="theme"/></gmd:type><gmd:thesaurusName><gmd:CI_Citation xmlns:geonet="http://www.fao.org/geonetwork" uuid="dea454ff-f5ca-441e-9f4e-3647c1a1725f"><gmd:title><gco:CharacterString>Data Source Affiliation</gco:CharacterString></gmd:title><gmd:alternateTitle><gco:CharacterString>USDA NAL Data Source Affiliation</gco:CharacterString></gmd:alternateTitle><gmd:date><gmd:CI_Date><gmd:date><gco:Date>2017</gco:Date></gmd:date><gmd:dateType><gmd:CI_DateTypeCode codeList="http://standards.iso.org/iso/19139/resources/gmxCodelists.xml#CI_DateTypeCode" codeListValue="publication"/></gmd:dateType></gmd:CI_Date></gmd:date><gmd:edition gco:nilReason="missing"><gco:CharacterString/></gmd:edition><gmd:citedResponsibleParty><gmd:CI_ResponsibleParty uuid="b5d99c43-4f69-444b-8bf2-185e1672110f"><gmd:individualName><gco:CharacterString>Erin Antognoli</gco:CharacterString></gmd:individualName><gmd:organisationName><gco:CharacterString>USDA National Agricultural Library</gco:CharacterString></gmd:organisationName><gmd:positionName><gco:CharacterString>* Ag Data Commons Metadata Librarian</gco:CharacterString></gmd:positionName><gmd:contactInfo><gmd:CI_Contact uuid="4c0071d9-d58f-4f59-b398-a0a6a50d1228"><gmd:phone><gmd:CI_Telephone><gmd:voice gco:nilReason="missing"><gco:CharacterString/></gmd:voice><gmd:facsimile gco:nilReason="missing"><gco:CharacterString/></gmd:facsimile></gmd:CI_Telephone></gmd:phone><gmd:address><gmd:CI_Address><gmd:deliveryPoint><gco:CharacterString>10301 Baltimore Ave</gco:CharacterString></gmd:deliveryPoint><gmd:city><gco:CharacterString>Beltsville</gco:CharacterString></gmd:city><gmd:administrativeArea><gco:CharacterString>MD</gco:CharacterString></gmd:administrativeArea><gmd:postalCode><gco:CharacterString>20705</gco:CharacterString></gmd:postalCode><gmd:country><gco:CharacterString>United States of America</gco:CharacterString></gmd:country><gmd:electronicMailAddress><gco:CharacterString>nal-adc-curator@ars.usda.gov</gco:CharacterString></gmd:electronicMailAddress></gmd:CI_Address></gmd:address><gmd:onlineResource><gmd:CI_OnlineResource uuid="95889d18-443b-4683-9c18-f95ae6b21e06"><gmd:linkage><gmd:URL>https://nal.usda.gov</gmd:URL></gmd:linkage><gmd:protocol><gco:CharacterString>HTTP</gco:CharacterString></gmd:protocol><gmd:applicationProfile><gco:CharacterString>Web Browser</gco:CharacterString></gmd:applicationProfile><gmd:name><gco:CharacterString>USDA National Agricultural Library</gco:CharacterString></gmd:name><gmd:description><gco:CharacterString>The National Agricultural Library is one of the national libraries of the United States and houses one of the world's largest collections devoted to agriculture and its related sciences.</gco:CharacterString></gmd:description><gmd:function><gmd:CI_OnLineFunctionCode codeList="http://standards.iso.org/iso/19139/resources/gmxCodelists.xml#CI_OnLineFunctionCode" codeListValue="information"/></gmd:function></gmd:CI_OnlineResource></gmd:onlineResource><gmd:contactInstructions><gco:CharacterString>Ag Data Commons Metadata Contact</gco:CharacterString></gmd:contactInstructions></gmd:CI_Contact></gmd:contactInfo><gmd:role><gmd:CI_RoleCode codeListValue="pointOfContact" codeList="http://standards.iso.org/iso/19139/resources/gmxCodelists.xml#CI_RoleCode"/></gmd:role></gmd:CI_ResponsibleParty></gmd:citedResponsibleParty><gmd:otherCitationDetails><gco:CharacterString>A controlled vocabulary to associate data and GIS layers with the data providers and affilated resarch networks.</gco:CharacterString></gmd:otherCitationDetails></gmd:CI_Citation></gmd:thesaurusName></gmd:MD_Keywords></gmd:descriptiveKeywords><gmd:descriptiveKeywords><gmd:MD_Keywords><gmd:keyword><gco:CharacterString>agroecosystems</gco:CharacterString></gmd:keyword><gmd:keyword><gco:CharacterString>rangelands</gco:CharacterString></gmd:keyword><gmd:keyword><gco:CharacterString>sustainable agricultural intensification</gco:CharacterString></gmd:keyword><gmd:type><gmd:MD_KeywordTypeCode codeList="http://standards.iso.org/iso/19139/resources/gmxCodelists.xml#MD_KeywordTypeCode" codeListValue="theme"/></gmd:type><gmd:thesaurusName><gmd:CI_Citation xmlns:geonet="http://www.fao.org/geonetwork" uuid="ecbf87b1-ca15-41b5-bfe0-6589a975770b"><gmd:title><gco:CharacterString>National Agricultural Library Thesaurus (NALT)</gco:CharacterString></gmd:title><gmd:date><gmd:CI_Date><gmd:date><gco:Date>2015</gco:Date></gmd:date><gmd:dateType><gmd:CI_DateTypeCode codeList="http://standards.iso.org/iso/19139/resources/gmxCodelists.xml#CI_DateTypeCode" codeListValue="publication"/></gmd:dateType></gmd:CI_Date></gmd:date><gmd:edition><gco:CharacterString>2015 Edition</gco:CharacterString></gmd:edition><gmd:citedResponsibleParty><gmd:CI_ResponsibleParty uuid="4d172771-89ca-4561-8233-db638076a892"><gmd:organisationName><gco:CharacterString>National Agricultural Library Thesaurus (NALT)</gco:CharacterString></gmd:organisationName><gmd:positionName><gco:CharacterString>* Agricultural Reference</gco:CharacterString></gmd:positionName><gmd:contactInfo><gmd:CI_Contact><gmd:address><gmd:CI_Address><gmd:deliveryPoint><gco:CharacterString>10301 Baltimore Ave</gco:CharacterString></gmd:deliveryPoint><gmd:city><gco:CharacterString>Beltsville, MD</gco:CharacterString></gmd:city><gmd:postalCode><gco:CharacterString>20705</gco:CharacterString></gmd:postalCode><gmd:country><gco:CharacterString>United States of America</gco:CharacterString></gmd:country><gmd:electronicMailAddress><gco:CharacterString>agref@ars.usda.gov</gco:CharacterString></gmd:electronicMailAddress></gmd:CI_Address></gmd:address><gmd:onlineResource><gmd:CI_OnlineResource><gmd:linkage><gmd:URL>https://agclass.nal.usda.gov/</gmd:URL></gmd:linkage><gmd:protocol><gco:CharacterString>HTTP</gco:CharacterString></gmd:protocol><gmd:applicationProfile><gco:CharacterString>Web Browser</gco:CharacterString></gmd:applicationProfile><gmd:name><gco:CharacterString>USDA National Agricultural Library Thesaurus and Glossary Home Page</gco:CharacterString></gmd:name><gmd:description><gco:CharacterString>The Thesaurus and Glossary are online vocabulary tools of agricultural terms in English and Spanish and are cooperatively produced by the National Agricultural Library, USDA, and the Inter-American Institute for Cooperation on Agriculture as well as other Latin American agricultural institutions belonging to the Agriculture Information and Documentation Service of the Americas (SIDALC).</gco:CharacterString></gmd:description><gmd:function><gmd:CI_OnLineFunctionCode codeList="http://standards.iso.org/iso/19139/resources/gmxCodelists.xml#CI_OnLineFunctionCode" codeListValue="information"/></gmd:function></gmd:CI_OnlineResource></gmd:onlineResource></gmd:CI_Contact></gmd:contactInfo><gmd:role><gmd:CI_RoleCode codeListValue="pointOfContact" codeList="http://standards.iso.org/iso/19139/resources/gmxCodelists.xml#CI_RoleCode"/></gmd:role></gmd:CI_ResponsibleParty></gmd:citedResponsibleParty><gmd:otherCitationDetails><gco:CharacterString>A controlled vocabulary of keywords to classify dataset records in Ag Data Commons</gco:CharacterString></gmd:otherCitationDetails></gmd:CI_Citation></gmd:thesaurusName></gmd:MD_Keywords></gmd:descriptiveKeywords><gmd:descriptiveKeywords><gmd:MD_Keywords><gmd:keyword><gco:CharacterString>31922</gco:CharacterString></gmd:keyword><gmd:type><gmd:MD_KeywordTypeCode codeList="http://standards.iso.org/iso/19139/resources/gmxCodelists.xml#MD_KeywordTypeCode" codeListValue="theme"/></gmd:type><gmd:thesaurusName><gmd:CI_Citation xmlns:geonet="http://www.fao.org/geonetwork" uuid="763005c9-762c-4a67-9fc1-5aaea4086568"><gmd:title><gco:CharacterString>Ag Data Commons Keywords</gco:CharacterString></gmd:title><gmd:alternateTitle><gco:CharacterString>USDA NAL Ag Data Commons Keywords</gco:CharacterString></gmd:alternateTitle><gmd:date><gmd:CI_Date><gmd:date><gco:Date>2016</gco:Date></gmd:date><gmd:dateType><gmd:CI_DateTypeCode codeList="http://standards.iso.org/iso/19139/resources/gmxCodelists.xml#CI_DateTypeCode" codeListValue="publication"/></gmd:dateType></gmd:CI_Date></gmd:date><gmd:edition><gco:CharacterString>ADC Keywords hierarchy v4</gco:CharacterString></gmd:edition><gmd:citedResponsibleParty><gmd:CI_ResponsibleParty uuid="b5d99c43-4f69-444b-8bf2-185e1672110f"><gmd:individualName><gco:CharacterString>Erin Antognoli</gco:CharacterString></gmd:individualName><gmd:organisationName><gco:CharacterString>USDA National Agricultural Library</gco:CharacterString></gmd:organisationName><gmd:positionName><gco:CharacterString>* Ag Data Commons Metadata Librarian</gco:CharacterString></gmd:positionName><gmd:contactInfo><gmd:CI_Contact uuid="4c0071d9-d58f-4f59-b398-a0a6a50d1228"><gmd:phone><gmd:CI_Telephone><gmd:voice gco:nilReason="missing"><gco:CharacterString/></gmd:voice><gmd:facsimile gco:nilReason="missing"><gco:CharacterString/></gmd:facsimile></gmd:CI_Telephone></gmd:phone><gmd:address><gmd:CI_Address><gmd:deliveryPoint><gco:CharacterString>10301 Baltimore Ave</gco:CharacterString></gmd:deliveryPoint><gmd:city><gco:CharacterString>Beltsville</gco:CharacterString></gmd:city><gmd:administrativeArea><gco:CharacterString>MD</gco:CharacterString></gmd:administrativeArea><gmd:postalCode><gco:CharacterString>20705</gco:CharacterString></gmd:postalCode><gmd:country><gco:CharacterString>United States of America</gco:CharacterString></gmd:country><gmd:electronicMailAddress><gco:CharacterString>nal-adc-curator@ars.usda.gov</gco:CharacterString></gmd:electronicMailAddress></gmd:CI_Address></gmd:address><gmd:onlineResource><gmd:CI_OnlineResource uuid="95889d18-443b-4683-9c18-f95ae6b21e06"><gmd:linkage><gmd:URL>https://nal.usda.gov</gmd:URL></gmd:linkage><gmd:protocol><gco:CharacterString>HTTP</gco:CharacterString></gmd:protocol><gmd:applicationProfile><gco:CharacterString>Web Browser</gco:CharacterString></gmd:applicationProfile><gmd:name><gco:CharacterString>USDA National Agricultural Library</gco:CharacterString></gmd:name><gmd:description><gco:CharacterString>The National Agricultural Library is one of the national libraries of the United States and houses one of the world's largest collections devoted to agriculture and its related sciences.</gco:CharacterString></gmd:description><gmd:function><gmd:CI_OnLineFunctionCode codeList="http://standards.iso.org/iso/19139/resources/gmxCodelists.xml#CI_OnLineFunctionCode" codeListValue="information"/></gmd:function></gmd:CI_OnlineResource></gmd:onlineResource><gmd:contactInstructions><gco:CharacterString>Ag Data Commons Metadata Contact</gco:CharacterString></gmd:contactInstructions></gmd:CI_Contact></gmd:contactInfo><gmd:role><gmd:CI_RoleCode codeListValue="pointOfContact" codeList="http://standards.iso.org/iso/19139/resources/gmxCodelists.xml#CI_RoleCode"/></gmd:role></gmd:CI_ResponsibleParty></gmd:citedResponsibleParty><gmd:otherCitationDetails><gco:CharacterString>A controlled vocabulary of keywords to classify dataset records in Ag Data Commons</gco:CharacterString></gmd:otherCitationDetails></gmd:CI_Citation></gmd:thesaurusName></gmd:MD_Keywords></gmd:descriptiveKeywords><gmd:resourceConstraints><gmd:MD_LegalConstraints><gmd:accessConstraints><gmd:MD_RestrictionCode codeList="https://www.ngdc.noaa.gov/metadata/published/xsd/schema/resources/Codelist/gmxCodelists.xml#gmd:MD_RestrictionCode" codeListValue="otherRestrictions">otherRestrictions</gmd:MD_RestrictionCode></gmd:accessConstraints><gmd:useConstraints/><gmd:otherConstraints><gco:CharacterString>This information is released under the Creative Commons license - Attribution - CC BY (https://creativecommons.org/licenses/by/4.0/). The consumer of these data ("Data User" herein) is required to cite it appropriately in any publication that results from its use. The Data User should realize that these data may be actively used by others for ongoing research and that coordination may be necessary to prevent duplicate publication. The Data User is urged to contact the authors of these data if any questions about methodology or results occur. Where appropriate, the Data User is encouraged to consider collaboration or co-authorship with the authors. The Data User should realize that misinterpretation of data may occur if used out of context of the original study. While substantial efforts are made to ensure the accuracy of data and associated documentation, complete accuracy of data sets cannot be guaranteed. All data are made available "as is." The Data User should be aware, however, that data are updated periodically and it is the responsibility of the Data User to check for new versions of the data. The data authors and the repository where these data were obtained shall not be liable for damages resulting from any use or misinterpretation of the data. Thank you.</gco:CharacterString></gmd:otherConstraints></gmd:MD_LegalConstraints></gmd:resourceConstraints><gmd:language><gmd:LanguageCode codeList="http://standards.iso.org/ittf/PubliclyAvailableStandards/ISO_19139_Schemas/resources/Codelist/ML_gmxCodelists.xml#LanguageCode" codeListValue="eng">English</gmd:LanguageCode></gmd:language><gmd:characterSet><gmd:MD_CharacterSetCode codeList="http://www.isotc211.org/2005/resources/Codelist/gmxCodelists.xml#MD_CharacterSetCode" codeListValue=""/></gmd:characterSet><gmd:topicCategory><gmd:MD_TopicCategoryCode>farming</gmd:MD_TopicCategoryCode></gmd:topicCategory><gmd:topicCategory><gmd:MD_TopicCategoryCode>environment</gmd:MD_TopicCategoryCode></gmd:topicCategory><gmd:topicCategory><gmd:MD_TopicCategoryCode>biota</gmd:MD_TopicCategoryCode></gmd:topicCategory><gmd:topicCategory><gmd:MD_TopicCategoryCode>climatologyMeteorologyAtmosphere</gmd:MD_TopicCategoryCode></gmd:topicCategory><gmd:topicCategory><gmd:MD_TopicCategoryCode>geoscientificInformation</gmd:MD_TopicCategoryCode></gmd:topicCategory><gmd:extent><gmd:EX_Extent id="boundingExtent"><gmd:geographicElement><gmd:EX_GeographicBoundingBox><gmd:westBoundLongitude><gco:Decimal>-106.740997</gco:Decimal></gmd:westBoundLongitude><gmd:eastBoundLongitude><gco:Decimal>-106.740997</gco:Decimal></gmd:eastBoundLongitude><gmd:southBoundLatitude><gco:Decimal>32.617001</gco:Decimal></gmd:southBoundLatitude><gmd:northBoundLatitude><gco:Decimal>32.617001</gco:Decimal></gmd:northBoundLatitude></gmd:EX_GeographicBoundingBox></gmd:geographicElement><gmd:temporalElement><gmd:EX_TemporalExtent><gmd:extent><gml:TimePeriod gml:id="timePeriod1"><gml:begin><gml:TimeInstant gml:id="timePeriod1BeginDate"><gml:timePosition>1914-06-01</gml:timePosition></gml:TimeInstant></gml:begin><gml:end><gml:TimeInstant gml:id="timePeriod1EndDate"><gml:timePosition>1998-05-31</gml:timePosition></gml:TimeInstant></gml:end></gml:TimePeriod></gmd:extent></gmd:EX_TemporalExtent></gmd:temporalElement></gmd:EX_Extent></gmd:extent></gmd:MD_DataIdentification></gmd:identificationInfo><gmd:contentInfo><gmd:MD_CoverageDescription><gmd:attributeDescription gco:nilReason="unknown"/><gmd:contentType><gmd:MD_CoverageContentTypeCode codeList="https://www.ngdc.noaa.gov/metadata/published/xsd/schema/resources/Codelist/gmxCodelists.xml#gmd:MD_CoverageContentTypeCode" codeListValue="physicalMeasurement">physicalMeasurement</gmd:MD_CoverageContentTypeCode></gmd:contentType><gmd:dimension><gmd:MD_Band><gmd:sequenceIdentifier><gco:MemberName><gco:aName><gco:CharacterString>date</gco:CharacterString></gco:aName><gco:attributeType><gco:TypeName><gco:aName gco:nilReason="missing"/></gco:TypeName></gco:attributeType></gco:MemberName></gmd:sequenceIdentifier><gmd:descriptor><gco:CharacterString>Date- Date of summary (last day of month)</gco:CharacterString></gmd:descriptor></gmd:MD_Band></gmd:dimension><gmd:dimension><gmd:MD_Band><gmd:sequenceIdentifier><gco:MemberName><gco:aName><gco:CharacterString>tavg</gco:CharacterString></gco:aName><gco:attributeType><gco:TypeName><gco:aName gco:nilReason="missing"/></gco:TypeName></gco:attributeType></gco:MemberName></gmd:sequenceIdentifier><gmd:descriptor><gco:CharacterString>Average air temperature- Mean air temperature for the month (F)</gco:CharacterString></gmd:descriptor></gmd:MD_Band></gmd:dimension><gmd:dimension><gmd:MD_Band><gmd:sequenceIdentifier><gco:MemberName><gco:aName><gco:CharacterString>tavg_days</gco:CharacterString></gco:aName><gco:attributeType><gco:TypeName><gco:aName><gco:CharacterString>number</gco:CharacterString></gco:aName></gco:TypeName></gco:attributeType></gco:MemberName></gmd:sequenceIdentifier><gmd:descriptor><gco:CharacterString>Tavg days- Number of days tavg is based on</gco:CharacterString></gmd:descriptor><gmd:units xlink:href="http://someUnitsDictionary.xml#number"/></gmd:MD_Band></gmd:dimension><gmd:dimension><gmd:MD_Band><gmd:sequenceIdentifier><gco:MemberName><gco:aName><gco:CharacterString>tmax</gco:CharacterString></gco:aName><gco:attributeType><gco:TypeName><gco:aName gco:nilReason="missing"/></gco:TypeName></gco:attributeType></gco:MemberName></gmd:sequenceIdentifier><gmd:descriptor><gco:CharacterString>Max temperature F- Maximum monthly air temperature (degrees F)</gco:CharacterString></gmd:descriptor></gmd:MD_Band></gmd:dimension><gmd:dimension><gmd:MD_Band><gmd:sequenceIdentifier><gco:MemberName><gco:aName><gco:CharacterString>tmax_days</gco:CharacterString></gco:aName><gco:attributeType><gco:TypeName><gco:aName><gco:CharacterString>number</gco:CharacterString></gco:aName></gco:TypeName></gco:attributeType></gco:MemberName></gmd:sequenceIdentifier><gmd:descriptor><gco:CharacterString>Tmax days- Number of days tmax is based on</gco:CharacterString></gmd:descriptor><gmd:units xlink:href="http://someUnitsDictionary.xml#number"/></gmd:MD_Band></gmd:dimension><gmd:dimension><gmd:MD_Band><gmd:sequenceIdentifier><gco:MemberName><gco:aName><gco:CharacterString>tmin</gco:CharacterString></gco:aName><gco:attributeType><gco:TypeName><gco:aName gco:nilReason="missing"/></gco:TypeName></gco:attributeType></gco:MemberName></gmd:sequenceIdentifier><gmd:descriptor><gco:CharacterString>Min temperature F- Minimum monthly air temperature (degrees F)</gco:CharacterString></gmd:descriptor></gmd:MD_Band></gmd:dimension><gmd:dimension><gmd:MD_Band><gmd:sequenceIdentifier><gco:MemberName><gco:aName><gco:CharacterString>tmin_days</gco:CharacterString></gco:aName><gco:attributeType><gco:TypeName><gco:aName><gco:CharacterString>number</gco:CharacterString></gco:aName></gco:TypeName></gco:attributeType></gco:MemberName></gmd:sequenceIdentifier><gmd:descriptor><gco:CharacterString>Tmin days- Number of days tmin is based on</gco:CharacterString></gmd:descriptor><gmd:units xlink:href="http://someUnitsDictionary.xml#number"/></gmd:MD_Band></gmd:dimension><gmd:dimension><gmd:MD_Band><gmd:sequenceIdentifier><gco:MemberName><gco:aName><gco:CharacterString>prcp</gco:CharacterString></gco:aName><gco:attributeType><gco:TypeName><gco:aName gco:nilReason="missing"/></gco:TypeName></gco:attributeType></gco:MemberName></gmd:sequenceIdentifier><gmd:descriptor><gco:CharacterString>Monthly precipitation- Cumulative precipitation for month (in)</gco:CharacterString></gmd:descriptor></gmd:MD_Band></gmd:dimension><gmd:dimension><gmd:MD_Band><gmd:sequenceIdentifier><gco:MemberName><gco:aName><gco:CharacterString>prcp_days</gco:CharacterString></gco:aName><gco:attributeType><gco:TypeName><gco:aName><gco:CharacterString>number</gco:CharacterString></gco:aName></gco:TypeName></gco:attributeType></gco:MemberName></gmd:sequenceIdentifier><gmd:descriptor><gco:CharacterString>Precip days- Number of days prcp is based on</gco:CharacterString></gmd:descriptor><gmd:units xlink:href="http://someUnitsDictionary.xml#number"/></gmd:MD_Band></gmd:dimension><gmd:dimension><gmd:MD_Band><gmd:sequenceIdentifier><gco:MemberName><gco:aName><gco:CharacterString>pc</gco:CharacterString></gco:aName><gco:attributeType><gco:TypeName><gco:aName gco:nilReason="missing"/></gco:TypeName></gco:attributeType></gco:MemberName></gmd:sequenceIdentifier><gmd:descriptor><gco:CharacterString>Problem code- Boolean value indicating a precipitation data problem observed by John Anderson (1 = problem with data, 0 = no problem)</gco:CharacterString></gmd:descriptor></gmd:MD_Band></gmd:dimension><gmd:dimension><gmd:MD_Band><gmd:sequenceIdentifier><gco:MemberName><gco:aName><gco:CharacterString>missing_at_noaa</gco:CharacterString></gco:aName><gco:attributeType><gco:TypeName><gco:aName gco:nilReason="missing"/></gco:TypeName></gco:attributeType></gco:MemberName></gmd:sequenceIdentifier><gmd:descriptor><gco:CharacterString>Missing at NOAA- Boolean value indicating absence of observation in NOAA dataset (0 = observation in NOAA record, 1 = not in NOAA record)</gco:CharacterString></gmd:descriptor></gmd:MD_Band></gmd:dimension><gmd:dimension><gmd:MD_Band><gmd:sequenceIdentifier><gco:MemberName><gco:aName><gco:CharacterString>tmax_noaa_diff</gco:CharacterString></gco:aName><gco:attributeType><gco:TypeName><gco:aName gco:nilReason="missing"/></gco:TypeName></gco:attributeType></gco:MemberName></gmd:sequenceIdentifier><gmd:descriptor><gco:CharacterString>Tmax difference- Difference between local JER tmax values and NOAA values (local-noaa)</gco:CharacterString></gmd:descriptor></gmd:MD_Band></gmd:dimension><gmd:dimension><gmd:MD_Band><gmd:sequenceIdentifier><gco:MemberName><gco:aName><gco:CharacterString>tmin_noaa_diff</gco:CharacterString></gco:aName><gco:attributeType><gco:TypeName><gco:aName gco:nilReason="missing"/></gco:TypeName></gco:attributeType></gco:MemberName></gmd:sequenceIdentifier><gmd:descriptor><gco:CharacterString>Tmin difference- Difference between local JER tmin values and NOAA values (local-noaa)</gco:CharacterString></gmd:descriptor></gmd:MD_Band></gmd:dimension><gmd:dimension><gmd:MD_Band><gmd:sequenceIdentifier><gco:MemberName><gco:aName><gco:CharacterString>prcp_noaa_diff</gco:CharacterString></gco:aName><gco:attributeType><gco:TypeName><gco:aName gco:nilReason="missing"/></gco:TypeName></gco:attributeType></gco:MemberName></gmd:sequenceIdentifier><gmd:descriptor><gco:CharacterString>Prcp difference- Difference between local JER prcp values and NOAA values (local-noaa)</gco:CharacterString></gmd:descriptor></gmd:MD_Band></gmd:dimension></gmd:MD_CoverageDescription></gmd:contentInfo><gmd:distributionInfo><gmd:MD_Distribution><gmd:distributionFormat><gmd:MD_Format><gmd:name gco:nilReason="missing"/><gmd:version gco:nilReason="missing"/></gmd:MD_Format></gmd:distributionFormat></gmd:MD_Distribution></gmd:distributionInfo><gmd:dataQualityInfo><gmd:DQ_DataQuality><gmd:scope><gmd:DQ_Scope><gmd:level><gmd:MD_ScopeCode codeList="http://www.isotc211.org/2005/resources/Codelist/gmxCodelists.xml#MD_ScopeCode" codeListValue="dataset">dataset</gmd:MD_ScopeCode></gmd:level></gmd:DQ_Scope></gmd:scope><gmd:lineage><gmd:LI_Lineage><gmd:statement><gco:CharacterString/></gmd:statement><gmd:processStep><gmd:LI_ProcessStep><gmd:description><gco:CharacterString>History and description: This data package contains locally verified monthly climate data collected at a weather station located at USDA Jornada Experimental Range (JER) Headquarters. This weather station is a National Weather Service (NWS) instrument and is part of the NOAA Global Historical Climate Network (GHCN). Daily climate observations have been collected by USDA JER staff and sent to the local National Weather Service office since 1914 until the present. These observations include minimum and maximum air temperature and daily accumulated precipitation made using standard U.S. climatological service instrumentation and recording procedures. The data sent to the local NWS office are subsequently quality controlled and assured and made available on NOAA servers. Data here are monthly temperature and precipitation summaries that are based on observations stored in the local JER database. The JER database is based on data verified and entered from original paper data sheets stored at JER headquarters. Since this entry and verification process these data have undergone quality control and assurance procedures different than those in place at NOAA (see below), and the data therefore differ from what is available directly from NOAA servers. Most differences are in the precipitation observations, and these are documented in the history file (see "Additional documents" below). All data from this station that have undergone NOAA QA/QC procedures are available by accessing the Jornada Experimental Range, NM US GHCN station through the National Climatic Data Center portal (https://www.ncdc.noaa.gov/cdo-web/datasets/GSOM/stations/GHCND:USC00294426/detail). There is another, automated NOAA weather station at JER Headquarters that began service in 2007 and has data available at the same portal (https://www.ncdc.noaa.gov/cdo-web/datasets/GHCND/stations/GHCND:USW00003074/detail). Local USDA JER and Jornada Basin LTER staff have noted that daily precipitation totals and temperatures at this station are total precip and min/max temps AT THE TIME OF MEASUREMENT BY THE OBSERVER. In a review of years 1914-1947 daily records, observer time fell between 1530 and 1900 with most observer times being between 1700 and 1800. Observer times changed to the morning between 0700 and 0900 at an unknown date after this and currently continue to be made in the morning. This local review also revealed discrepancies between official data at NOAA and the local datasheets that are most likely the result of incorrect data entry. These discrepancies are described in detail in the attached additional history document (see "Additional documents" below). Additionally, it appears that some data sheets may have never been sent to, or posted by, the NOAA system. There are currently 35 monthly observations in this dataset that do not appear in the datasets that can be downloaded from NOAA. Over the 80+ year record in this dataset, there is therefore a discrepancy of 68.01 inches of precipitation. There are figures illustrating these and other discrepancies in the two datasets. This data package remains to document those discrepancies, but is now considered complete and will not be updated in the future. The attached text file "NOAA_JERHQ_ws_monthly_his.txt" describes the procedures for identifying discrepancies between NOAA data and the data located at JER headquarters and the subsequent changes made in the included data file. The summary figures "local_vs_noaa_monthly_diff.png" and "local_vs_noaa_cumulative_monthly.png" plot the discrepancies between the local JER data and NOAA server data from the most recent data request. Pan evaporation data from the same location (also NWS) was collected from January 1956 through August 1979 and is found on EDI in package knb-lter-jrn.210379003. Daily temperature and precipitation observations, data on which these summary data are presumably based, are found in EDI package knb-lter-jrn.210379001.</gco:CharacterString></gmd:description></gmd:LI_ProcessStep></gmd:processStep></gmd:LI_Lineage></gmd:lineage></gmd:DQ_DataQuality></gmd:dataQualityInfo><gmd:metadataConstraints><gmd:MD_LegalConstraints><gmd:otherConstraints><gco:CharacterString>uid=JRN,o=LTER,dc=ecoinformatics,dc=org: all</gco:CharacterString></gmd:otherConstraints><gmd:otherConstraints><gco:CharacterString>public: read</gco:CharacterString></gmd:otherConstraints></gmd:MD_LegalConstraints></gmd:metadataConstraints></gmd:MD_Metadata>
