<?xml version="1.0" encoding="UTF-8"?>
<eml:eml xmlns:eml="https://eml.ecoinformatics.org/eml-2.2.0" xmlns:stmml="http://www.xml-cml.org/schema/stmml-1.2" xmlns:xsi="http://www.w3.org/2001/XMLSchema-instance" packageId="knb-lter-jrn.210262005.11" system="https://pasta.edirepository.org" xsi:schemaLocation="https://eml.ecoinformatics.org/eml-2.2.0 https://eml.ecoinformatics.org/eml-2.2.0/eml.xsd">
   <access authSystem="https://pasta.edirepository.org/authentication" order="allowFirst" scope="document" system="https://pasta.edirepository.org">
      <allow>
         <principal>uid=JRN,o=LTER,dc=ecoinformatics,dc=org</principal>
         <permission>all</permission>
      </allow>
      <allow>
         <principal>public</principal>
         <permission>read</permission>
      </allow>
   </access>
   <dataset id="d210262005">
      <alternateIdentifier system="https://doi.org">doi:10.6073/pasta/88a29965fb635be5a79a89b4e1416c00</alternateIdentifier><title>Total Annual Aboveground Net Primary Productivity across grassland-shrubland ecotones at 3 sites in the Jornada Basin, 2006-ongoing</title>
      <creator>
         <individualName>
            <givenName>Brandon T</givenName>
            <surName>Bestelmeyer</surName>
         </individualName>
         <organizationName>USDA-ARS Jornada Experimental Range</organizationName>
         <electronicMailAddress>brandon.bestelmeyer@usda.gov</electronicMailAddress>
         <userId directory="ORCID">0000-0001-5060-9955</userId>
      </creator>
      <creator>
         <individualName>
            <givenName>Robert</givenName>
            <surName>Schooley</surName>
         </individualName>
         <organizationName>University of Illinois</organizationName>
         <electronicMailAddress>schooley@illinois.edu</electronicMailAddress>
         <userId directory="ORCID">0000-0001-5951-2340</userId>
      </creator>
      <metadataProvider>
         <organizationName>Jornada Basin LTER Program</organizationName>
         <positionName>Jornada Basin LTER program</positionName>
         <address>
            <deliveryPoint>P.O. Box 30003; MSC 3JER New Mexico State University</deliveryPoint>
            <city>Las Cruces</city>
            <administrativeArea>NM</administrativeArea>
            <postalCode>88003-8003</postalCode>
            <country>USA</country>
         </address>
         <electronicMailAddress>jornada.lter@nmsu.edu</electronicMailAddress>
         <onlineUrl>https://lter.jornada.nmsu.edu</onlineUrl>
         <userId directory="ROR">05976ta47</userId>
      </metadataProvider>
      <pubDate>2024-03-08</pubDate>
      <language>English</language>
      <abstract>
         <para>
    The objective of this ongoing study is to investigate how pulses of
    precipitation translate into pulses of plant aboveground net primary
    productivity (NPP) across grassland to shrubland ecotones in the
    northern Chihuahuan Desert. This dataset consists of annual
    aboveground net primary productivity estimates in three habitat
    vegetation zones (grassland, ecotone, and shrubland) at three
    grassland-to-shrubland ecotone sites in the Jornada Basin, Dona Ana
    County, New Mexico, USA. The annual ANPP estimates are derived from
    plant cover measurements (see methods). Due to its growth form,
    Yucca elata (YUEL) has been found to produce large errors in
    interyear biomass estimates. This data package contains annual ANPP
    estimates both with and without YUEL, but the authors strongly
    recommend using the non-YUEL estimates for most purposes. Data
    collection is ongoing with new observations in spring and fall of
    each year; data from both annual sampling times are required to
    estimate annual ANPP.
  </para>
      </abstract>
      <keywordSet>
         <keyword keywordType="theme">Primary Production</keyword>
         <keyword keywordType="theme">populations</keyword>
         <keywordThesaurus>LTER Core Research Areas</keywordThesaurus>
      </keywordSet>
      <keywordSet>
         <keyword keywordType="theme">aboveground production</keyword>
         <keyword keywordType="theme">deserts</keyword>
         <keyword keywordType="theme">grasses</keyword>
         <keyword keywordType="theme">net primary production</keyword>
         <keyword keywordType="theme">shrubs</keyword>
         <keyword keywordType="theme">vascular plants</keyword>
         <keyword keywordType="theme">vegetation</keyword>
         <keywordThesaurus>LTER Controlled Vocabulary v1</keywordThesaurus>
      </keywordSet>
      <keywordSet>
         <keyword keywordType="theme">Jornada Basin LTER</keyword>
         <keyword keywordType="theme">ecotone</keyword>
         <keyword keywordType="theme">long-term experiment</keyword>
         <keyword keywordType="theme">plant</keyword>
         <keyword keywordType="theme">shrub encroachment</keyword>
         <keyword keywordType="theme">shrub invasion</keyword>
         <keywordThesaurus>none</keywordThesaurus>
      </keywordSet>
      <keywordSet>
         <keyword keywordType="theme">Vegetation Dynamics</keyword>
         <keyword keywordType="theme">core</keyword>
         <keywordThesaurus>Jornada Basin LTER dataset keywords</keywordThesaurus>
      </keywordSet>
      <keywordSet>
         <keyword keywordType="theme">Ecotone</keyword>
         <keyword keywordType="theme">prj 262</keyword>
         <keywordThesaurus>Jornada Basin project names</keywordThesaurus>
      </keywordSet>
      <keywordSet>
         <keyword keywordType="place">CDRRC Pasture 3</keyword>
         <keyword keywordType="place">Pasture 12A</keyword>
         <keyword keywordType="place">Pasture 9</keyword>
         <keywordThesaurus>Jornada Basin place names</keywordThesaurus>
      </keywordSet>
      <keywordSet>
         <keyword keywordType="theme">LTAR</keyword>
         <keywordThesaurus>USDA National Ag Library's Agricultural Thesaurus</keywordThesaurus>
      </keywordSet>
      <intellectualRights>
         <para>
  This information is released under the Creative Commons license - Attribution - CC BY 
  (https://creativecommons.org/licenses/by/4.0/). The consumer of these data ("Data User" 
  herein) is required to cite it appropriately in any publication that results from its 
  use. The Data User should realize that these data may be actively used by others for 
  ongoing research and that coordination may be necessary to prevent duplicate 
  publication. The Data User is urged to contact the authors of these data if any 
  questions about methodology or results occur. Where appropriate, the Data User is 
  encouraged to consider collaboration or co-authorship with the authors. The Data User 
  should realize that misinterpretation of data may occur if used out of context of the 
  original study. While substantial efforts are made to ensure the accuracy of data and 
  associated documentation, complete accuracy of data sets cannot be guaranteed. All data 
  are made available "as is." The Data User should be aware, however, that data are updated 
  periodically and it is the responsibility of the Data User to check for new versions of 
  the data. The data authors and the repository where these data were obtained shall not be 
  liable for damages resulting from any use or misinterpretation of the data. Thank you.
</para>
      </intellectualRights>
      <licensed>
         <licenseName>Creative Commons Attribution 4.0 International</licenseName>
         <url>https://spdx.org/licenses/CC-BY-4.0.html</url>
         <identifier>CC-BY-4.0</identifier>
      </licensed>
      <distribution>
         <online>
            <url function="information">https://jrn.lternet.edu</url>
         </online>
      </distribution>
      <distribution id="10.6073/pasta/88a29965fb635be5a79a89b4e1416c00" scope="system" system="https://pasta.edirepository.org"><online><url function="information">https://doi.org/10.6073/pasta/88a29965fb635be5a79a89b4e1416c00</url></online></distribution><coverage>
         <geographicCoverage>
            <geographicDescription>Ecotone sites (3): Pastures 9 and 12A of the Jornada Experimental Range and Pasture 3 of the Chihuhuan Desert Rangeland Research Center, Jornada Basin, Dona Ana County, New Mexico, USA. For more detailed geographic locations of the plots please contact the Data Manager.</geographicDescription>
            <boundingCoordinates>
               <westBoundingCoordinate>-106.889900</westBoundingCoordinate>
               <eastBoundingCoordinate>-106.759500</eastBoundingCoordinate>
               <northBoundingCoordinate>32.655760</northBoundingCoordinate>
               <southBoundingCoordinate>32.592700</southBoundingCoordinate>
            </boundingCoordinates>
         </geographicCoverage>
         <temporalCoverage>
            <rangeOfDates>
               <beginDate>
                  <calendarDate>2006-05-19</calendarDate>
               </beginDate>
               <endDate>
                  <calendarDate>2023-10-24</calendarDate>
               </endDate>
            </rangeOfDates>
         </temporalCoverage>
      </coverage>
      <maintenance>
         <description>ongoing</description>
         <maintenanceUpdateFrequency>annually</maintenanceUpdateFrequency>
      </maintenance>
      <contact>
         <organizationName>Jornada Basin LTER Program</organizationName>
         <positionName>Information Manager</positionName>
         <address>
            <deliveryPoint>P.O. Box 30003; MSC 3JER New Mexico State University</deliveryPoint>
            <city>Las Cruces</city>
            <administrativeArea>NM</administrativeArea>
            <postalCode>88003-8003</postalCode>
            <country>U.S.A.</country>
         </address>
         <phone>575-322-2430</phone>
         <electronicMailAddress>jornada.data@nmsu.edu</electronicMailAddress>
         <onlineUrl>https://lter.jornada.nmsu.edu/information-management/</onlineUrl>
      </contact>
      <publisher>
         <organizationName>Environmental Data Initiative</organizationName>
         <electronicMailAddress>info@edirepository.org</electronicMailAddress>
         <onlineUrl>https://edirepository.org</onlineUrl>
         <userId directory="https://ror.org">0330j0z60</userId>
      </publisher>
      <pubPlace>Environmental Data Initiative</pubPlace>
      <methods>
         <methodStep>
            <description>
               <section>
                  <title>General study design</title>
                  <para>
      This experiment was conducted at three sites, each with a
      grassland-to-shrubland ecotone. Two of the sites, JER Pasture 9
      and JER Pasture 12A, occur on the USDA Agricultural Research
      Service Jornada Experimental Range. One site, CDRRC Pasture 3, is
      located on New Mexico State University's Chihuahuan Desert
      Rangeland Research Center. Climate is arid to semi-arid, with
      long-term (90-year) mean annual temperature of 15C and mean annual
      precipitation of 250 mm, over half of which occurs in summer (July
      through September).
    </para>
                  <para>
      Sites were chosen to contain 3 distinct habitat types (ecotone
      positions): grassland, ecotone, and shrubland. Within each habitat
      type of each site, 32 1 square meter quadrats were established in
      2005, yielding 96 quadrats per site and 288 quadrats for the
      entire study. Within each habitat type the 32 quadrats are
      arranged in two parallel rows of 16 quadrats each, running
      perpendicular to the grassland-to-shrubland gradient. Within a
      row, each quadrat is approximately 20 meters apart. Distance
      between the two parallel rows is about 55 meters. The rows are
      parallel to and between rodent trapping lines in data package
      knb-lter-jrn.210262008.
    </para>
                  <para>
      Quadrats are sampled nondestructively for ocular live cover and
      height of each species twice per year: once in the spring and once
      in the fall after the growing season. Two permanent plastic stakes
      mark the diagonal corners of each quadrat. Measurements are taken
      within portable square frames placed on the part corners, with an
      internal area of 1 square meter. The interior of the frame is
      gridded with twine into one hundred 10 cm x 10 cm sections (each
      1% of the quadrat's area) to facilitate plant cover estimates.
      Plant cover is measured for each species at a minimum of 0.1% and
      the height to the nearest centimeter.
    </para>
               </section>
               <section>
                  <title>Annual Aboveground NPP estimation methods</title>
                  <para>
      Cover and height are used to estimate the volume of each plant.
      Plant biomass is then estimated non-destructively using the
      regressions of plant dimensions (i.e., plant volume) vs. live
      biomass derived from harvest data previously gathered (Huenneke et
      al., 2001). For perennial shrubs, sub-shrubs, and the perennial
      grasses Bouteloua eriopoda, Muhlenbergia porteri, and Pleauraphis
      mutica, the live spring (pre-growth) biomass is treated as the
      baseline for that year; thus annual aboveground NPP is estimated
      as the difference between the fall and the spring standing
      biomass. Any negative differences are taken as zero. For all other
      species, the maximum of spring or fall live biomass is taken to be
      the annual ANPP. Annual ANPP is first assessed by species within
      each quadrat, then summed over all species to calculate total ANPP
      for each quadrat, then averaged over the 32 quadrats to produce
      estimates for each habitat zone within each site. The plant cover
      and height data used to generate these annual ANPP estimates are
      available in data package knb-lter-jrn.210262001. Also available
      are annual ANPP estimates by functional group in data package
      knb-lter-jrn.210262004.
    </para>
                  <para>
      Due to its growth form, Yucca elata (YUEL) has been found to
      produce large errors in interyear biomass estimates. This data
      package contains annual ANPP estimates both with and without YUEL,
      but the authors strongly recommend using the non-YUEL estimates
      for most purposes.
    </para>
               </section>
               <section>
                  <title>References</title>
                  <para>
      Huenneke, Laura F., Dennis Clason, and Esteban Muldavin. Spatial
      heterogeneity in Chihuahuan Desert vegetation: implications for
      sampling methods in semi-arid ecosystems. Journal of Arid
      Environments 47, no. 3 (2001): 257-270.
    </para>
                  <para>
      Huenneke, Laura F., John P. Anderson, Marta Remmenga, and William
      H. Schlesinger. Desertification alters patterns of aboveground net
      primary production in Chihuahuan ecosystems. Global Change Biology
      8, no. 3 (2002): 247-264.
    </para>
                  <para>
      Muldavin, Esteban H., Douglas I. Moore, Scott L. Collins, Karen R.
      Wetherill, and David C. Lightfoot. Aboveground net primary
      production dynamics in a northern Chihuahuan Desert ecosystem.
      Oecologia 155, no. 1 (2008): 123-132.
    </para>
                  <para>
      Peters, Debra PC, Jin Yao, Osvaldo E. Sala, and John P. Anderson.
      Directional climate change and potential reversal of
      desertification in arid and semiarid ecosystems. Global Change
      Biology 18, no. 1 (2012): 151-163.
    </para>
               </section>
            </description>
         </methodStep>
      </methods>
      <project>
         <title>Jornada Basin LTER</title>
         <personnel>
            <individualName>
               <salutation>Dr.</salutation>
               <givenName>Niall</givenName>
               <surName>Hanan</surName>
            </individualName>
            <address>
               <deliveryPoint>P.O. Box 30003, MSC 3JER</deliveryPoint>
               <deliveryPoint>New Mexico State University</deliveryPoint>
               <city>Las Cruces</city>
               <administrativeArea>NM</administrativeArea>
               <postalCode>88003-8003</postalCode>
               <country>United States</country>
            </address>
            <phone phonetype="voice">575-646-3335</phone>
            <electronicMailAddress>nhanan@nmsu.edu</electronicMailAddress>
            <role>Principal Investigator</role>
         </personnel>
         <abstract>
            <para>Dryland ecosystems occupy nearly half of the Earth's land surface and provide goods and services for more than 1 billion people. The goal of the Jornada Basin Long Term Ecological Research (LTER) program is to understand what factors determine the structure and function of drylands, and to develop general principles governing changes between grassland and shrubland ecosystems. This research is based on long-term data collected in the Chihuahuan Desert. We translate our findings to dryland ecosystems around the world, and forecast the dynamics of future ecosystem states in response to changing climate and land use.</para>
         </abstract>
         <funding>
            <para>The Jornada LTER program has been continuously funded by the U.S. National Science Foundation since 1982 (Current NSF award: DEB-2025166)</para>
         </funding>
         <award>
            <funderName>National Science Foundation</funderName>
            <funderIdentifier>https://ror.org/021nxhr62</funderIdentifier>
            <awardNumber>DEB 2025166</awardNumber>
            <title>LTER: Long –Term Research at the Jornada Basin (LTER VII)</title>
            <awardUrl>https://www.nsf.gov/awardsearch/showAward?AWD_ID=2025166</awardUrl>
         </award>
         <award>
            <funderName>National Science Foundation</funderName>
            <awardNumber>DEB 1832194</awardNumber>
            <title>Prior award: LTER: Long - Term Research at the Jornada Basin (LTER VII)</title>
            <awardUrl>https://www.nsf.gov/awardsearch/showAward?AWD_ID=1832194</awardUrl>
         </award>
         <award>
            <funderName>National Science Foundation</funderName>
            <awardNumber>DEB 1235828</awardNumber>
            <title>Prior award: LTER: Long-Term Research at the Jornada Basin (LTER-VI)</title>
            <awardUrl>https://www.nsf.gov/awardsearch/showAward?AWD_ID=1235828</awardUrl>
         </award>
         <award>
            <funderName>National Science Foundation</funderName>
            <awardNumber>DEB 0618210</awardNumber>
            <title>Prior award: Jornada Basin LTER V: Landscape Linkages in Arid and Semiarid Ecosystems</title>
            <awardUrl>https://www.nsf.gov/awardsearch/showAward?AWD_ID=0618210</awardUrl>
         </award>
         <award>
            <funderName>National Science Foundation</funderName>
            <awardNumber>DEB 0080412</awardNumber>
            <title>Prior award: LTER IV: Jornada Basin: Linkages in Semi-arid Landscapes</title>
            <awardUrl>https://www.nsf.gov/awardsearch/showAward?AWD_ID=0080412</awardUrl>
         </award>
         <award>
            <funderName>National Science Foundation</funderName>
            <awardNumber>DEB 9411971</awardNumber>
            <title>Prior award: LTER: The Chihuahuan Desert (The Jornada LTER III Consortium)</title>
            <awardUrl>https://www.nsf.gov/awardsearch/showAward?AWD_ID=9411971</awardUrl>
         </award>
         <award>
            <funderName>National Science Foundation</funderName>
            <awardNumber>DEB 8811160, 9240261</awardNumber>
            <title>Prior award: Interactions in Time and Space Variability in a Chihuahuan Desert Ecosystem: Jornada LTER (II)</title>
         </award>
         <award>
            <funderName>National Science Foundation</funderName>
            <awardNumber>DEB 8114466, 8612106</awardNumber>
            <title>Prior award: Interactions of Time and Space Variability in a Chihuahuan Desert Ecosystem in New Mexico (Jornada LTER I)</title>
         </award>
      </project>
      <dataTable id="268d4ff7a51ffe5b9a94f325f6566c2b" scope="document" system="https://pasta.edirepository.org">
         <entityName>Total Annual Aboveground Net Primary Productivity by site from Ecotone study</entityName>
         <entityDescription>Add description</entityDescription>
         <physical>
            <objectName>Ecotone_ANPP_by_Site.csv</objectName>
            <size unit="byte">9265</size>
            <authentication method="MD5">d23107de4033fd63dc71daed12ea40d3</authentication>
            <dataFormat>
               <textFormat>
                  <numHeaderLines>1</numHeaderLines>
                  <numFooterLines>0</numFooterLines>
                  <recordDelimiter>\n</recordDelimiter>
                  <attributeOrientation>column</attributeOrientation>
                  <simpleDelimited>
                     <fieldDelimiter>,</fieldDelimiter>
                     <quoteCharacter>"</quoteCharacter>
                  </simpleDelimited>
               </textFormat>
            </dataFormat>
            <distribution>
               <online>
                  <url function="download">https://pasta.lternet.edu/package/data/eml/knb-lter-jrn/210262005/11/268d4ff7a51ffe5b9a94f325f6566c2b</url>
               </online>
            </distribution>
         </physical>
         <attributeList>
            <attribute id="d210262005-e1-att1">
               <attributeName>site</attributeName>
               <attributeLabel>site</attributeLabel>
               <attributeDefinition>site name</attributeDefinition>
               <storageType>string</storageType>
               <measurementScale>
                  <nominal>
                     <nonNumericDomain>
                        <enumeratedDomain>
                           <codeDefinition>
                              <code>JER Pasture 12A</code>
                              <definition>Pasture 12 A on the JER</definition>
                           </codeDefinition>
                           <codeDefinition>
                              <code>JER Pasture 9</code>
                              <definition>Pasture 9 on the JER</definition>
                           </codeDefinition>
                           <codeDefinition>
                              <code>CDRRC Pasture 3</code>
                              <definition>Pasture 3 on the CDRRC</definition>
                           </codeDefinition>
                        </enumeratedDomain>
                     </nonNumericDomain>
                  </nominal>
               </measurementScale>
            </attribute>
            <attribute id="d210262005-e1-att2">
               <attributeName>zone</attributeName>
               <attributeLabel>zone</attributeLabel>
               <attributeDefinition>vegetation zone</attributeDefinition>
               <storageType>string</storageType>
               <measurementScale>
                  <nominal>
                     <nonNumericDomain>
                        <enumeratedDomain>
                           <codeDefinition>
                              <code>S</code>
                              <definition>Shrubland habitat portion of site</definition>
                           </codeDefinition>
                           <codeDefinition>
                              <code>G</code>
                              <definition>Grassland habitat portion of site</definition>
                           </codeDefinition>
                           <codeDefinition>
                              <code>E</code>
                              <definition>Ecotone habitat portion of site</definition>
                           </codeDefinition>
                        </enumeratedDomain>
                     </nonNumericDomain>
                  </nominal>
               </measurementScale>
            </attribute>
            <attribute id="d210262005-e1-att3">
               <attributeName>year</attributeName>
               <attributeLabel>year</attributeLabel>
               <attributeDefinition>year of measurement</attributeDefinition>
               <storageType>date</storageType>
               <measurementScale>
                  <dateTime>
                     <formatString>YYYY</formatString>
                     <dateTimePrecision>1</dateTimePrecision>
                     <dateTimeDomain/>
                  </dateTime>
               </measurementScale>
            </attribute>
            <attribute id="d210262005-e1-att4">
               <attributeName>ANPP_all_spp</attributeName>
               <attributeLabel>ANPP from all species</attributeLabel>
               <attributeDefinition>mean annual net primary production usual all species observed</attributeDefinition>
               <storageType>float</storageType>
               <measurementScale>
                  <ratio>
                     <unit>
                        <standardUnit>gramsPerSquareMeter</standardUnit>
                     </unit>
                     <numericDomain>
                        <numberType>real</numberType>
                     </numericDomain>
                  </ratio>
               </measurementScale>
               <missingValueCode>
                  <code>.</code>
                  <codeExplanation>Missing value - data not collected or otherwise unavailable</codeExplanation>
               </missingValueCode>
            </attribute>
            <attribute id="d210262005-e1-att5">
               <attributeName>ANPP_noYUEL</attributeName>
               <attributeLabel>ANPP excluding YUEL</attributeLabel>
               <attributeDefinition>mean annual net primary production usual all species except YUEL</attributeDefinition>
               <storageType>float</storageType>
               <measurementScale>
                  <ratio>
                     <unit>
                        <standardUnit>gramsPerSquareMeter</standardUnit>
                     </unit>
                     <numericDomain>
                        <numberType>real</numberType>
                     </numericDomain>
                  </ratio>
               </measurementScale>
               <missingValueCode>
                  <code>.</code>
                  <codeExplanation>Missing value - data not collected or otherwise unavailable</codeExplanation>
               </missingValueCode>
            </attribute>
         </attributeList>
         <numberOfRecords>162</numberOfRecords>
      </dataTable>
      <otherEntity id="6cc5574db7102253c48ea580a2fc654e" scope="document" system="https://pasta.edirepository.org">
         <entityName>A figure of annual ANPP estimates contained in this data set</entityName>
         <entityDescription>Add description</entityDescription>
         <physical>
            <objectName>Total_ANPP_by_Site.jpg</objectName>
            <size unit="byte">1097866</size>
            <authentication method="MD5">0574d220fe26b32e81fde08bae2236b7</authentication>
            <dataFormat>
               <externallyDefinedFormat>
                  <formatName>JPG</formatName>
               </externallyDefinedFormat>
            </dataFormat>
            <distribution>
               <online>
                  <url function="download">https://pasta.lternet.edu/package/data/eml/knb-lter-jrn/210262005/11/6cc5574db7102253c48ea580a2fc654e</url>
               </online>
            </distribution>
         </physical>
         <entityType>otherEntity</entityType>
      </otherEntity>
   </dataset>
   <additionalMetadata>
      <metadata>
         <unitList>
            <unit abbreviation="g/m²" id="gramsPerSquareMeter" multiplierToSI="0.001" name="gramsPerSquareMeter" parentSI="kilogramPerMeterSquared" unitType="arealMassDensity">
               <description>grams per square meter</description>
            </unit>
         </unitList>
      </metadata>
   </additionalMetadata>
</eml:eml>
