{"oai:rda.fs.usda.gov:RDS-2005-0001":8719903,"oai:rda.fs.usda.gov:RDS-2006-0003":8728841,"oai:rda.fs.usda.gov:RDS-2006-0003-2":8728845,"oai:rda.fs.usda.gov:RDS-2009-0009":8728847,"oai:rda.fs.usda.gov:RDS-2010-0004":8728849,"oai:rda.fs.usda.gov:RDS-2011-0019-2":8728851,"oai:rda.fs.usda.gov:RDS-2012-0010":8728853,"oai:rda.fs.usda.gov:RDS-2013-0009.2":8728855,"oai:rda.fs.usda.gov:RDS-2015-0012":8728857,"oai:rda.fs.usda.gov:RDS-2015-0012-2":8728859,"oai:rda.fs.usda.gov:RDS-2015-0045":8728861,"oai:rda.fs.usda.gov:RDS-2015-0048":8728863,"oai:rda.fs.usda.gov:RDS-2016-0004":8728865,"oai:rda.fs.usda.gov:RDS-2012-0002":8729243,"oai:rda.fs.usda.gov:RDS-2013-0008":8729245,"oai:rda.fs.usda.gov:RDS-2013-0008-2":8729249,"oai:rda.fs.usda.gov:RDS-2013-0011":8729251,"oai:rda.fs.usda.gov:RDS-2015-0013":8729515,"oai:rda.fs.usda.gov:RDS-2015-0047":8729799,"oai:rda.fs.usda.gov:RDS-2016-0026":8729801,"oai:rda.fs.usda.gov:RDS-2015-0046":8730741,"oai:rda.fs.usda.gov:RDS-2015-0046-2":8855941,"oai:rda.fs.usda.gov:RDS-2011-0019":8855943}